{
  "datasets": {
    "nfcorpus": {
      "dataset": "nfcorpus",
      "n_queries": 323,
      "n_seeds": 5,
      "train_frac": 0.5,
      "feature_names": [
        "kendall_tau",
        "spearman_rho",
        "cosine_ndcg",
        "query_length"
      ],
      "strategies": {
        "fixed_lam_0.3": {
          "ndcg_mean": 0.31156207095178523,
          "ndcg_std": 0.013835587727651437,
          "per_seed": [
            0.29179471231759985,
            0.300932675550959,
            0.326788429343153,
            0.3264435857566256,
            0.3118509517905887
          ]
        },
        "per_corpus_lam_star": {
          "ndcg_mean": 0.3092625611644597,
          "ndcg_std": 0.014013518509387342,
          "per_seed": [
            0.2896996065428838,
            0.2972990910557167,
            0.32248604068249903,
            0.32595394034197767,
            0.31087412719922136
          ]
        },
        "per_query_learned_lam": {
          "ndcg_mean": 0.31317322356646604,
          "ndcg_std": 0.013664158254333774,
          "per_seed": [
            0.2952030652145598,
            0.2995253024528845,
            0.32490456837760096,
            0.3297869808147114,
            0.31644620097257364
          ]
        },
        "oracle_upper_bound": {
          "ndcg_mean": 0.34694005226033003,
          "ndcg_std": 0.01640158572372785,
          "per_seed": [
            0.3246632002856534,
            0.33089262337276754,
            0.3655335585330667,
            0.361850821354101,
            0.3517600577560616
          ]
        },
        "token_only": {
          "ndcg_mean": 0.30825406508828335,
          "ndcg_std": 0.01509337129543798,
          "per_seed": [
            0.2889620320060455,
            0.2925104633647812,
            0.32077051400569956,
            0.3268888661514276,
            0.3121384499134628
          ]
        },
        "lap_only": {
          "ndcg_mean": 0.2724891726141771,
          "ndcg_std": 0.015997751386931706,
          "per_seed": [
            0.25371746962884045,
            0.2586580888890676,
            0.2965637737956455,
            0.28449965618195616,
            0.2690068745753758
          ]
        }
      },
      "per_corpus_lam_star_chosen_per_seed": [
        0.4,
        0.4,
        0.2,
        0.4,
        0.4
      ]
    },
    "arguana": {
      "dataset": "arguana",
      "n_queries": 1398,
      "n_seeds": 5,
      "train_frac": 0.5,
      "feature_names": [
        "kendall_tau",
        "spearman_rho",
        "cosine_ndcg",
        "query_length"
      ],
      "strategies": {
        "fixed_lam_0.3": {
          "ndcg_mean": 0.4155156106108481,
          "ndcg_std": 0.004856155613981762,
          "per_seed": [
            0.4146382879761894,
            0.4177540651221485,
            0.41780281347290593,
            0.4207711463785156,
            0.40661174010448126
          ]
        },
        "per_corpus_lam_star": {
          "ndcg_mean": 0.44107485057752227,
          "ndcg_std": 0.0038486659018357712,
          "per_seed": [
            0.4368777009382113,
            0.44509699554907295,
            0.4452280044339259,
            0.4418340398364643,
            0.43633751212993643
          ]
        },
        "per_query_learned_lam": {
          "ndcg_mean": 0.459350927625636,
          "ndcg_std": 0.0031868670918941285,
          "per_seed": [
            0.4599754295651285,
            0.46082339461013416,
            0.4614926773063196,
            0.461394018816374,
            0.45306911783022336
          ]
        },
        "oracle_upper_bound": {
          "ndcg_mean": 0.505805252034506,
          "ndcg_std": 0.005103169570147794,
          "per_seed": [
            0.502079313587826,
            0.5117081962763829,
            0.5076027516253829,
            0.5097490607543228,
            0.4978869379286151
          ]
        },
        "token_only": {
          "ndcg_mean": 0.44107485057752227,
          "ndcg_std": 0.0038486659018357712,
          "per_seed": [
            0.4368777009382113,
            0.44509699554907295,
            0.4452280044339259,
            0.4418340398364643,
            0.43633751212993643
          ]
        },
        "lap_only": {
          "ndcg_mean": 0.34003548548174545,
          "ndcg_std": 0.006407891377176009,
          "per_seed": [
            0.34183834709810496,
            0.3448748320017385,
            0.33389357507313216,
            0.34817543680751883,
            0.3313952364282326
          ]
        }
      },
      "per_corpus_lam_star_chosen_per_seed": [
        0.0,
        0.0,
        0.0,
        0.0,
        0.0
      ]
    },
    "scifact": {
      "dataset": "scifact",
      "n_queries": 300,
      "n_seeds": 5,
      "train_frac": 0.5,
      "feature_names": [
        "kendall_tau",
        "spearman_rho",
        "cosine_ndcg",
        "query_length"
      ],
      "strategies": {
        "fixed_lam_0.3": {
          "ndcg_mean": 0.47705092305651664,
          "ndcg_std": 0.012641425960433836,
          "per_seed": [
            0.5015704655931204,
            0.4704148304886605,
            0.4665707563041882,
            0.47047314128792617,
            0.4762254216086882
          ]
        },
        "per_corpus_lam_star": {
          "ndcg_mean": 0.480856444422344,
          "ndcg_std": 0.014887559075537033,
          "per_seed": [
            0.4882065110099213,
            0.4741078685434878,
            0.4547399642381185,
            0.4928885290268156,
            0.4943393492933768
          ]
        },
        "per_query_learned_lam": {
          "ndcg_mean": 0.4724318841622813,
          "ndcg_std": 0.014449987596039526,
          "per_seed": [
            0.5004181184522262,
            0.4610557613377529,
            0.46967506953563865,
            0.46177640993301944,
            0.4692340615527696
          ]
        },
        "oracle_upper_bound": {
          "ndcg_mean": 0.5647691516779834,
          "ndcg_std": 0.017793973802098215,
          "per_seed": [
            0.5829290534115694,
            0.5417685810929621,
            0.5466947014235037,
            0.5680083736156457,
            0.5844450488462359
          ]
        },
        "token_only": {
          "ndcg_mean": 0.45851572289022624,
          "ndcg_std": 0.01194515712468429,
          "per_seed": [
            0.47905869062226986,
            0.44888550048348613,
            0.4596928805093552,
            0.44459007950166335,
            0.46035146333435667
          ]
        },
        "lap_only": {
          "ndcg_mean": 0.45647519588622376,
          "ndcg_std": 0.01803598917776364,
          "per_seed": [
            0.45641772946426085,
            0.4455895691254642,
            0.43017819169070437,
            0.46725179190103755,
            0.4829386972496517
          ]
        }
      },
      "per_corpus_lam_star_chosen_per_seed": [
        0.8,
        0.7,
        0.8,
        0.7,
        0.4
      ]
    },
    "scidocs": {
      "dataset": "scidocs",
      "n_queries": 1000,
      "n_seeds": 5,
      "train_frac": 0.5,
      "feature_names": [
        "kendall_tau",
        "spearman_rho",
        "cosine_ndcg",
        "query_length"
      ],
      "strategies": {
        "fixed_lam_0.3": {
          "ndcg_mean": 0.2185579762747778,
          "ndcg_std": 0.004972599801407624,
          "per_seed": [
            0.21329448035377033,
            0.21341710774282568,
            0.22046870047222286,
            0.21894610517377835,
            0.22666348763129174
          ]
        },
        "per_corpus_lam_star": {
          "ndcg_mean": 0.22208149776387068,
          "ndcg_std": 0.006066499258700686,
          "per_seed": [
            0.21760615561800098,
            0.2145004706822723,
            0.22494324566366114,
            0.22138488381439525,
            0.23197273304102364
          ]
        },