{
  "n_queries": 323,
  "ndcg_means": {
    "cosine": 0.22999690104136786,
    "token": 0.3219745491213185,
    "lap_T5": 0.287237092166256
  },
  "update_orthogonality": {
    "delta_token_mean": 0.0919776480799507,
    "delta_token_std": 0.1878044865872604,
    "delta_lap_mean": 0.0572401911248881,
    "delta_lap_std": 0.14450548391143356,
    "cos_delta_full": 0.5923412671123807,
    "pearson_delta": 0.5154287855297666
  },
  "quadrant_analysis": {
    "both_positive": 110,
    "both_negative": 28,
    "tok_pos_lap_neg": 22,
    "tok_neg_lap_pos": 17,
    "tok_zero": 113,
    "lap_zero": 136
  },
  "kendall_tau_per_query": {
    "n": 321,
    "mean": 0.31198327633763734,
    "std": 0.36055570514021545,
    "median": 0.3333333333333333
  },
  "spearman_rho_per_query": {
    "n": 321,
    "mean": 0.39635068980863375,
    "std": 0.43117084097876734
  },
  "fusion_lambda_sweep": {
    "0.0": {
      "mean": 0.3219745491213185,
      "std": 0.31918559039996547,
      "n": 323,
      "delta_vs_token": 0.0,
      "delta_vs_lap": 0.03473745695506253
    },
    "0.1": {
      "mean": 0.3238747367049216,
      "std": 0.3216636444080354,
      "n": 323,
      "delta_vs_token": 0.001900187583603108,
      "delta_vs_lap": 0.03663764453866564
    },
    "0.2": {
      "mean": 0.3247659272545782,
      "std": 0.3223932830886472,
      "n": 323,
      "delta_vs_token": 0.002791378133259692,
      "delta_vs_lap": 0.03752883508832222
    },
    "0.3": {
      "mean": 0.3264479853938022,
      "std": 0.3236719486371497,
      "n": 323,
      "delta_vs_token": 0.0044734362724837,
      "delta_vs_lap": 0.03921089322754623
    },
    "0.4": {
      "mean": 0.3270199394959823,
      "std": 0.3271648211862412,
      "n": 323,
      "delta_vs_token": 0.005045390374663783,
      "delta_vs_lap": 0.03978284732972631
    },
    "0.5": {
      "mean": 0.3242109637527187,
      "std": 0.32822528470245305,
      "n": 323,
      "delta_vs_token": 0.0022364146314001743,
      "delta_vs_lap": 0.0369738715864627
    },
    "0.6": {
      "mean": 0.32219585706391407,
      "std": 0.3283500011284223,
      "n": 323,
      "delta_vs_token": 0.00022130794259556108,
      "delta_vs_lap": 0.03495876489765809
    },
    "0.7": {
      "mean": 0.3168964969254248,
      "std": 0.32378435956581464,
      "n": 323,
      "delta_vs_token": -0.00507805219589369,
      "delta_vs_lap": 0.02965940475916884
    },
    "0.8": {
      "mean": 0.3121122666477427,
      "std": 0.3211764552922051,
      "n": 323,
      "delta_vs_token": -0.00986228247357579,
      "delta_vs_lap": 0.02487517448148674
    },
    "0.9": {
      "mean": 0.3057844984782411,
      "std": 0.3189838756483995,
      "n": 323,
      "delta_vs_token": -0.016190050643077436,
      "delta_vs_lap": 0.018547406311985093
    },
    "1.0": {
      "mean": 0.287237092166256,
      "std": 0.3164863946316082,
      "n": 323,
      "delta_vs_token": -0.03473745695506253,
      "delta_vs_lap": 0.0
    }
  },
  "bootstrap_best_fusion_vs_best_individual": {
    "best_fusion_lambda": "0.4",
    "best_fusion_ndcg": 0.3270199394959823,
    "best_individual_method": "token",
    "best_individual_ndcg": 0.3219745491213185,
    "mean_diff": 0.0050453903746637465,
    "ci_low_95": -0.002512779529636482,
    "ci_high_95": 0.013109954781597292,
    "p_value_two_sided": 0.1934,
    "n_queries": 323
  },
  "sign_analysis": {
    "n_same_sign": 138,
    "n_diff_sign": 39,
    "fusion_gain_same_sign_mean": -0.01862918729830647,
    "fusion_gain_diff_sign_mean": -0.09846581435387583
  }
}