{
  "alpha": 0.15,
  "T": 5,
  "K_pool": 100,
  "models": {
    "BGE-M3": {
      "model": "BGE-M3",
      "alpha": 0.15,
      "T": 5,
      "K_pool": 100,
      "n_test_queries": 1406,
      "cosine_ndcg10": 0.32536702862853883,
      "laplacian_unified_ndcg10": 0.38938926805866014,
      "relative_gain_pct": 19.67692906683961,
      "elapsed_seconds": 29.57612109184265
    }
  }
}