{
  "alpha": 0.15,
  "T": 5,
  "K_pool": 100,
  "models": {
    "BGE-M3": {
      "model": "BGE-M3",
      "alpha": 0.15,
      "T": 5,
      "K_pool": 100,
      "n_test_queries": 323,
      "cosine_ndcg10": 0.3113311739233876,
      "laplacian_unified_ndcg10": 0.30616447529442326,
      "relative_gain_pct": -1.6595506848394732,
      "elapsed_seconds": 2.665701389312744
    },
    "BGE-large-en-v1.5": {
      "model": "BGE-large-en-v1.5",
      "alpha": 0.15,
      "T": 5,
      "K_pool": 100,
      "n_test_queries": 323,
      "cosine_ndcg10": 0.36011869604273294,
      "laplacian_unified_ndcg10": 0.3431385855776672,
      "relative_gain_pct": -4.715142715903546,
      "elapsed_seconds": 2.544788122177124
    }
  }
}