{
  "alpha": 0.15,
  "T": 5,
  "K_pool": 100,
  "models": {
    "BGE-M3": {
      "model": "BGE-M3",
      "alpha": 0.15,
      "T": 5,
      "K_pool": 100,
      "n_test_queries": 1000,
      "cosine_ndcg10": 0.16944738123486713,
      "laplacian_unified_ndcg10": 0.1507097954218776,
      "relative_gain_pct": -11.058055708171612,
      "elapsed_seconds": 53.84134888648987
    }
  }
}