{
  "alpha": 0.15,
  "T": 5,
  "K_pool": 100,
  "models": {
    "BGE-M3": {
      "model": "BGE-M3",
      "alpha": 0.15,
      "T": 5,
      "K_pool": 100,
      "n_test_queries": 648,
      "cosine_ndcg10": 0.38492394764261495,
      "laplacian_unified_ndcg10": 0.2864461057395131,
      "relative_gain_pct": -25.58371400537911,
      "elapsed_seconds": 80.45604372024536
    }
  }
}