{
  "alpha": 0.15,
  "T": 5,
  "K_pool": 100,
  "per_corpus": {
    "nfcorpus": {
      "alpha": 0.15,
      "T": 5,
      "K_pool": 100,
      "models": {
        "BGE-M3": {
          "model": "BGE-M3",
          "alpha": 0.15,
          "T": 5,
          "K_pool": 100,
          "n_test_queries": 323,
          "cosine_ndcg10": 0.28929050398745576,
          "laplacian_unified_ndcg10": 0.27674630683717294,
          "relative_gain_pct": -4.336193887244486,
          "elapsed_seconds": 2.390240430831909
        },
        "BGE-large-en-v1.5": {
          "model": "BGE-large-en-v1.5",
          "alpha": 0.15,
          "T": 5,
          "K_pool": 100,
          "n_test_queries": 323,
          "cosine_ndcg10": 0.29750178247654174,
          "laplacian_unified_ndcg10": 0.29493044691940706,
          "relative_gain_pct": -0.8643092944619353,
          "elapsed_seconds": 1.7378270626068115
        }
      }
    },
    "scifact": {
      "alpha": 0.15,
      "T": 5,
      "K_pool": 100,
      "models": {
        "BGE-M3": {
          "model": "BGE-M3",
          "alpha": 0.15,
          "T": 5,
          "K_pool": 100,
          "n_test_queries": 300,
          "cosine_ndcg10": 0.48875675634109117,
          "laplacian_unified_ndcg10": 0.3486484445490222,
          "relative_gain_pct": -28.666265984933176,
          "elapsed_seconds": 3.729933738708496
        }
      }
    },
    "arguana": {
      "alpha": 0.15,
      "T": 5,
      "K_pool": 100,
      "models": {
        "BGE-M3": {
          "model": "BGE-M3",
          "alpha": 0.15,
          "T": 5,
          "K_pool": 100,
          "n_test_queries": 1406,
          "cosine_ndcg10": 0.32536702862853883,
          "laplacian_unified_ndcg10": 0.38938926805866014,
          "relative_gain_pct": 19.67692906683961,
          "elapsed_seconds": 28.912792205810547
        }
      }
    },
    "scidocs": {
      "alpha": 0.15,
      "T": 5,
      "K_pool": 100,
      "models": {
        "BGE-M3": {
          "model": "BGE-M3",
          "alpha": 0.15,
          "T": 5,
          "K_pool": 100,
          "n_test_queries": 1000,
          "cosine_ndcg10": 0.16944738123486713,
          "laplacian_unified_ndcg10": 0.1507097954218776,
          "relative_gain_pct": -11.058055708171612,
          "elapsed_seconds": 53.84134888648987
        }
      }
    },
    "fiqa": {
      "alpha": 0.15,
      "T": 5,
      "K_pool": 100,
      "models": {
        "BGE-M3": {
          "model": "BGE-M3",
          "alpha": 0.15,
          "T": 5,
          "K_pool": 100,
          "n_test_queries": 648,
          "cosine_ndcg10": 0.38492394764261495,
          "laplacian_unified_ndcg10": 0.2864461057395131,
          "relative_gain_pct": -25.58371400537911,
          "elapsed_seconds": 80.45604372024536
        }
      }
    }
  }
}