{
  "alpha": 0.15,
  "T": 5,
  "K_pool": 100,
  "per_corpus": {
    "nfcorpus": {
      "alpha": 0.15,
      "T": 5,
      "K_pool": 100,
      "models": {
        "BGE-M3": {
          "model": "BGE-M3",
          "alpha": 0.15,
          "T": 5,
          "K_pool": 100,
          "n_test_queries": 323,
          "cosine_ndcg10": 0.3113311739233876,
          "laplacian_unified_ndcg10": 0.30616447529442326,
          "relative_gain_pct": -1.6595506848394732,
          "elapsed_seconds": 2.665701389312744
        },
        "BGE-large-en-v1.5": {
          "model": "BGE-large-en-v1.5",
          "alpha": 0.15,
          "T": 5,
          "K_pool": 100,
          "n_test_queries": 323,
          "cosine_ndcg10": 0.36011869604273294,
          "laplacian_unified_ndcg10": 0.3431385855776672,
          "relative_gain_pct": -4.715142715903546,
          "elapsed_seconds": 2.544788122177124
        }
      }
    },
    "scifact": {
      "alpha": 0.15,
      "T": 5,
      "K_pool": 100,
      "models": {
        "BGE-M3": {
          "model": "BGE-M3",
          "alpha": 0.15,
          "T": 5,
          "K_pool": 100,
          "n_test_queries": 300,
          "cosine_ndcg10": 0.640556520903065,
          "laplacian_unified_ndcg10": 0.4685996806062787,
          "relative_gain_pct": -26.84491292889491,
          "elapsed_seconds": 3.61161470413208
        },
        "BGE-large-en-v1.5": {
          "model": "BGE-large-en-v1.5",
          "alpha": 0.15,
          "T": 5,
          "K_pool": 100,
          "n_test_queries": 300,
          "cosine_ndcg10": 0.7292475449348852,
          "laplacian_unified_ndcg10": 0.4503225625435629,
          "relative_gain_pct": -38.24832655641338,
          "elapsed_seconds": 3.9872000217437744
        }
      }
    },
    "arguana": {
      "alpha": 0.15,
      "T": 5,
      "K_pool": 100,
      "models": {
        "BGE-M3": {
          "model": "BGE-M3",
          "alpha": 0.15,
          "T": 5,
          "K_pool": 100,
          "n_test_queries": 1406,
          "cosine_ndcg10": 0.3297592705659545,
          "laplacian_unified_ndcg10": 0.4070788322169863,
          "relative_gain_pct": 23.447274588620637,
          "elapsed_seconds": 29.87787652015686
        },
        "BGE-large-en-v1.5": {
          "model": "BGE-large-en-v1.5",
          "alpha": 0.15,
          "T": 5,
          "K_pool": 100,
          "n_test_queries": 1406,
          "cosine_ndcg10": 0.4010621359245876,
          "laplacian_unified_ndcg10": 0.45137309881678883,
          "relative_gain_pct": 12.544430996014361,
          "elapsed_seconds": 28.49403190612793
        }
      }
    },
    "scidocs": {
      "alpha": 0.15,
      "T": 5,
      "K_pool": 100,
      "models": {
        "BGE-M3": {
          "model": "BGE-M3",
          "alpha": 0.15,
          "T": 5,
          "K_pool": 100,
          "n_test_queries": 1000,
          "cosine_ndcg10": 0.16755668172036284,
          "laplacian_unified_ndcg10": 0.14961002966585407,
          "relative_gain_pct": -10.710794622001483,
          "elapsed_seconds": 56.71778845787048
        },
        "BGE-large-en-v1.5": {
          "model": "BGE-large-en-v1.5",
          "alpha": 0.15,
          "T": 5,
          "K_pool": 100,
          "n_test_queries": 1000,
          "cosine_ndcg10": 0.2065291877860523,
          "laplacian_unified_ndcg10": 0.17822450255202854,
          "relative_gain_pct": -13.704932236185986,
          "elapsed_seconds": 54.58288526535034
        }
      }
    },
    "fiqa": {
      "alpha": 0.15,
      "T": 5,
      "K_pool": 100,
      "models": {
        "BGE-M3": {
          "model": "BGE-M3",
          "alpha": 0.15,
          "T": 5,
          "K_pool": 100,
          "n_test_queries": 648,
          "cosine_ndcg10": 0.40375669427499555,
          "laplacian_unified_ndcg10": 0.26710877341296124,
          "relative_gain_pct": -33.84412513764155,
          "elapsed_seconds": 82.87078809738159
        },
        "BGE-large-en-v1.5": {
          "model": "BGE-large-en-v1.5",
          "alpha": 0.15,
          "T": 5,
          "K_pool": 100,
          "n_test_queries": 648,
          "cosine_ndcg10": 0.432405369604139,
          "laplacian_unified_ndcg10": 0.21960946165869621,
          "relative_gain_pct": -49.21213354502383,
          "elapsed_seconds": 77.87835264205933
        }
      }
    }
  }
}