{
  "per_corpus": {
    "nfcorpus": {
      "BGE-M3": {
        "alpha": 0.1,
        "T": 10,
        "model": "BGE-M3",
        "K_pool": 100,
        "n_test_queries": 323,
        "cosine_ndcg10": 0.28929050398745576,
        "laplacian_unified_ndcg10": 0.27093191781921466,
        "relative_gain_pct": -6.346072862812381,
        "elapsed_seconds": 2.550769090652466
      },
      "BGE-large": {
        "alpha": 0.02,
        "T": 20,
        "model": "BGE-large",
        "K_pool": 100,
        "n_test_queries": 323,
        "cosine_ndcg10": 0.3764003591578758,
        "laplacian_unified_ndcg10": 0.36712678825806794,
        "relative_gain_pct": -2.46375187328612,
        "elapsed_seconds": 2.498622417449951
      },
      "Qwen3-8B": {
        "alpha": 0.15,
        "T": 5,
        "model": "Qwen3-8B",
        "K_pool": 100,
        "n_test_queries": 323,
        "cosine_ndcg10": 0.2194977334341188,
        "laplacian_unified_ndcg10": 0.1716810069649746,
        "relative_gain_pct": -21.78461058391574,
        "elapsed_seconds": 9.506069898605347
      }
    },
    "scifact": {
      "BGE-M3": {
        "alpha": 0.1,
        "T": 10,
        "model": "BGE-M3",
        "K_pool": 100,
        "n_test_queries": 300,
        "cosine_ndcg10": 0.48875675634109117,
        "laplacian_unified_ndcg10": 0.33534357806826165,
        "relative_gain_pct": -31.388451675083605,
        "elapsed_seconds": 3.5842039585113525
      },
      "BGE-large": {
        "alpha": 0.02,
        "T": 20,
        "model": "BGE-large",
        "K_pool": 100,
        "n_test_queries": 300,
        "cosine_ndcg10": 0.6811761064879734,
        "laplacian_unified_ndcg10": 0.5440065568243846,
        "relative_gain_pct": -20.13716399578538,
        "elapsed_seconds": 3.525146722793579
      },
      "Qwen3-8B": {
        "alpha": 0.15,
        "T": 5,
        "model": "Qwen3-8B",
        "K_pool": 100,
        "n_test_queries": 300,
        "cosine_ndcg10": 0.47014381669931243,
        "laplacian_unified_ndcg10": 0.3002951152077439,
        "relative_gain_pct": -36.126966995760334,
        "elapsed_seconds": 12.106040239334106
      }
    },
    "arguana": {
      "BGE-M3": {
        "alpha": 0.1,
        "T": 10,
        "model": "BGE-M3",
        "K_pool": 100,
        "n_test_queries": 1406,
        "cosine_ndcg10": 0.32536702862853883,
        "laplacian_unified_ndcg10": 0.38540286888668085,
        "relative_gain_pct": 18.451728348505473,
        "elapsed_seconds": 35.834152936935425
      },
      "BGE-large": {
        "alpha": 0.02,
        "T": 20,
        "model": "BGE-large",
        "K_pool": 100,
        "n_test_queries": 1406,
        "cosine_ndcg10": 0.35755629507545295,
        "laplacian_unified_ndcg10": 0.4116185640069295,
        "relative_gain_pct": 15.119932071135286,
        "elapsed_seconds": 35.86968445777893
      },
      "Qwen3-8B": {
        "alpha": 0.15,
        "T": 5,
        "model": "Qwen3-8B",
        "K_pool": 100,
        "n_test_queries": 1398,
        "cosine_ndcg10": 0.3043461194734578,
        "laplacian_unified_ndcg10": 0.26962164149979734,
        "relative_gain_pct": -11.40953531253708,
        "elapsed_seconds": 105.00163650512695
      }
    },
    "scidocs": {
      "BGE-M3": {
        "alpha": 0.1,
        "T": 10,
        "model": "BGE-M3",
        "K_pool": 100,
        "n_test_queries": 1000,
        "cosine_ndcg10": 0.16944738123486713,
        "laplacian_unified_ndcg10": 0.1464117559071732,
        "relative_gain_pct": -13.59455965611223,
        "elapsed_seconds": 53.208611726760864
      },
      "BGE-large": {
        "alpha": 0.02,
        "T": 20,
        "model": "BGE-large",
        "K_pool": 100,
        "n_test_queries": 1000,
        "cosine_ndcg10": 0.21174383152850645,
        "laplacian_unified_ndcg10": 0.19444965314365428,
        "relative_gain_pct": -8.167500446181313,
        "elapsed_seconds": 53.20845293998718
      },
      "Qwen3-8B": {
        "alpha": 0.15,
        "T": 5,
        "model": "Qwen3-8B",
        "K_pool": 100,
        "n_test_queries": 1000,
        "cosine_ndcg10": 0.1109738959456436,
        "laplacian_unified_ndcg10": 0.09119134596259115,
        "relative_gain_pct": -17.82630934462478,
        "elapsed_seconds": 183.66956639289856
      }
    },
    "fiqa": {
      "BGE-M3": {
        "alpha": 0.1,
        "T": 10,
        "model": "BGE-M3",
        "K_pool": 100,
        "n_test_queries": 648,
        "cosine_ndcg10": 0.38492394764261495,
        "laplacian_unified_ndcg10": 0.2763861801076476,
        "relative_gain_pct": -28.1971979659057,
        "elapsed_seconds": 65.78514385223389
      },
      "BGE-large": {
        "alpha": 0.02,
        "T": 20,
        "model": "BGE-large",
        "K_pool": 100,
        "n_test_queries": 648,
        "cosine_ndcg10": 0.38516915656103107,
        "laplacian_unified_ndcg10": 0.3617363093088484,
        "relative_gain_pct": -6.083780815006574,
        "elapsed_seconds": 65.6500551700592
      },
      "Qwen3-8B": {
        "alpha": 0.15,
        "T": 5,
        "model": "Qwen3-8B",
        "K_pool": 100,
        "n_test_queries": 648,
        "cosine_ndcg10": 0.16833076267500716,
        "laplacian_unified_ndcg10": 0.08870877384207015,
        "relative_gain_pct": -47.30091372939454,
        "elapsed_seconds": 242.34237051010132
      }
    }
  }
}