{
  "alpha": 0.15,
  "T": 5,
  "K_pool": 100,
  "models": {
    "BGE-M3": {
      "model": "BGE-M3",
      "alpha": 0.15,
      "T": 5,
      "K_pool": 100,
      "n_test_queries": 300,
      "cosine_ndcg10": 0.48875675634109117,
      "laplacian_unified_ndcg10": 0.3486484445490222,
      "relative_gain_pct": -28.666265984933176,
      "elapsed_seconds": 3.790147542953491
    }
  }
}