{
  "generated_at": "2026-04-30T14:04:48.364Z",
  "args": {
    "datasets": [
      "scidocs",
      "fiqa"
    ],
    "max_queries": 0,
    "output_dir": "/home/amd/HEZIMENG/Shape-CFD/benchmark/data/results",
    "top_n": 55,
    "K": 10
  },
  "datasets": {
    "scidocs": {
      "dataset": "scidocs",
      "n_queries": 1000,
      "alpha": 0.15,
      "top_n": 55,
      "K": 10,
      "cosine": 0.11097389594564372,
      "token_2stage": 0.2139313217337912,
      "laplacian_T_sweep": {
        "1": 0.13669386179486306,
        "3": 0.14080699630036467,
        "5": 0.14414507659329046,
        "7": 0.14304982627601526,
        "10": 0.14173853241142018,
        "15": 0.13658205596931366,
        "20": 0.13347001014660415
      },
      "fusion_T5_lambda_sweep": {
        "0.0": 0.2139313217337912,
        "0.1": 0.2171709445537361,
        "0.2": 0.21822125009790358,
        "0.3": 0.21521218064517925,
        "0.4": 0.2115490305719248,
        "0.5": 0.20004437314759385,
        "0.6": 0.1925193601558522,
        "0.7": 0.18486325150174338,
        "0.8": 0.17584580015067963,
        "0.9": 0.1673206115851646,
        "1.0": 0.14414507659329046
      },
      "complementarity": {
        "n_pairs": 971,
        "kendall_tau_mean": 0.2685482157160834,
        "spearman_rho_mean": 0.3365040726523734,
        "jaccard5_mean": 0.18232539682539695,
        "jaccard10_mean": 0.1971875298763853,
        "jaccard20_mean": 0.18716871211414085,
        "lap_only_success": 80,
        "token_only_success": 222,
        "both_success": 402,
        "both_fail": 296,
        "rescue_rate_lap_to_token": 0.21276595744624266
      }
    },
    "fiqa": {
      "dataset": "fiqa",
      "n_queries": 648,
      "alpha": 0.15,
      "top_n": 55,
      "K": 10,
      "cosine": 0.1683307626750072,
      "token_2stage": 0.3897167139314775,
      "laplacian_T_sweep": {
        "1": 0.24359706318526778,
        "3": 0.24388711714718073,
        "5": 0.24187251784091646,
        "7": 0.23529666495436297,
        "10": 0.22884283096971067,
        "15": 0.20846011193561315,
        "20": 0.18980538008051634
      },
      "fusion_T5_lambda_sweep": {
        "0.0": 0.3897167139314775,
        "0.1": 0.3954039038978825,
        "0.2": 0.39761089678540157,
        "0.3": 0.39763585101222426,
        "0.4": 0.38764478997109153,
        "0.5": 0.36761322556301296,
        "0.6": 0.3474344300489561,
        "0.7": 0.3314003095455416,
        "0.8": 0.3159184049589625,
        "0.9": 0.2989305997772053,
        "1.0": 0.2439761786233485
      },
      "complementarity": {
        "n_pairs": 542,
        "kendall_tau_mean": 0.25759093305218755,
        "spearman_rho_mean": 0.3196766026101823,
        "jaccard5_mean": 0.16361086615716325,
        "jaccard10_mean": 0.1661978152417899,
        "jaccard20_mean": 0.1580051816277455,
        "lap_only_success": 29,
        "token_only_success": 186,
        "both_success": 258,
        "both_fail": 175,
        "rescue_rate_lap_to_token": 0.1421568627444012
      }
    }
  }
}