{
  "corpus": "nfcorpus",
  "model": "Qwen3-8B",
  "n_vectors": 2000,
  "n_pairs": 10000,
  "seed": 42,
  "M_sweep": [
    {
      "M": 16,
      "d_s": 256,
      "sigma_full": 0.058512263000011444,
      "mean_full": 0.7580305337905884,
      "sigma_sub_mean": 0.08347551734186709,
      "sigma_sub_min": 0.0403747595846653,
      "sigma_sub_max": 0.10881265997886658,
      "ratio_measured": 1.4266328639835852,
      "rho_avg": 0.5242989301661268,
      "theorem_pred_ratio": 1.3434863622343112,
      "abs_error": 0.08314650174927407,
      "rel_error_pct": 6.188860868747166
    },
    {
      "M": 32,
      "d_s": 128,
      "sigma_full": 0.058512263000011444,
      "mean_full": 0.7580305337905884,
      "sigma_sub_mean": 0.09770480974111706,
      "sigma_sub_min": 0.04058438539505005,
      "sigma_sub_max": 0.15044116973876953,
      "ratio_measured": 1.6698176541402603,
      "rho_avg": 0.4070983700500331,
      "theorem_pred_ratio": 1.5328005467066095,
      "abs_error": 0.1370171074336508,
      "rel_error_pct": 8.939004342609815
    },
    {
      "M": 64,
      "d_s": 64,
      "sigma_full": 0.058512263000011444,
      "mean_full": 0.7580305337905884,
      "sigma_sub_mean": 0.1180053327116184,
      "sigma_sub_min": 0.02437732368707657,
      "sigma_sub_max": 0.20018549263477325,
      "ratio_measured": 2.016762412891043,
      "rho_avg": 0.29373768375312465,
      "theorem_pred_ratio": 1.811389024215866,
      "abs_error": 0.20537338867517718,
      "rel_error_pct": 11.33789516937597
    },
    {
      "M": 128,
      "d_s": 32,
      "sigma_full": 0.058512263000011444,
      "mean_full": 0.7580305337905884,
      "sigma_sub_mean": 0.149381861105212,
      "sigma_sub_min": 0.022121256217360497,
      "sigma_sub_max": 0.33710920810699463,
      "ratio_measured": 2.5530009171783834,
      "rho_avg": 0.19228385278262014,
      "theorem_pred_ratio": 2.2439686776677865,
      "abs_error": 0.3090322395105969,
      "rel_error_pct": 13.77168240297284
    }
  ]
}