{
  "n_vectors": 2000,
  "dim_total": 1024,
  "M_subspaces": 16,
  "d_subspace": 64,
  "n_pairs_per_test": 10000,
  "seed": 42,
  "full_cosine": {
    "mean": 0.5996877551078796,
    "std": 0.055055972188711166,
    "theoretical_1_over_sqrt_d": 0.03125
  },
  "subspace_cosine": {
    "mean_of_means": 0.590100634843111,
    "std_of_means": 0.05834450265555255,
    "mean_of_stds": 0.08760314364917576,
    "std_of_stds": 0.012631922284317223,
    "min_std": 0.049735430628061295,
    "max_std": 0.10589518398046494,
    "theoretical_1_over_sqrt_d_s": 0.125,
    "per_subspace_stds": [
      0.09038669615983963,
      0.10350675135850906,
      0.08397936820983887,
      0.0937599167227745,
      0.0832381471991539,
      0.07954772561788559,
      0.09576425701379776,
      0.10589518398046494,
      0.0802941769361496,
      0.07888585329055786,
      0.09682969003915787,
      0.09729399532079697,
      0.09050916880369186,
      0.08637607097625732,
      0.049735430628061295,
      0.08564786612987518
    ],
    "per_subspace_means": [
      0.57917720079422,
      0.5294339060783386,
      0.6050453782081604,
      0.5645696520805359,
      0.5957749485969543,
      0.6375308036804199,
      0.5749543905258179,
      0.5183150172233582,
      0.6256383061408997,
      0.6326093673706055,
      0.5352590084075928,
      0.5322713851928711,
      0.5624194145202637,
      0.5959169268608093,
      0.7686163187026978,
      0.5840781331062317
    ]
  },
  "ratio_subspace_to_full": 1.5911651391588388,
  "theoretical_ratio_sqrt_M": 4.0
}