{
  "n_vectors": 2000,
  "dim_total": 1024,
  "M_subspaces": 16,
  "d_subspace": 64,
  "n_pairs_per_test": 10000,
  "seed": 42,
  "full_cosine": {
    "mean": 0.5080402493476868,
    "std": 0.06941471993923187,
    "theoretical_1_over_sqrt_d": 0.03125
  },
  "subspace_cosine": {
    "mean_of_means": 0.48713907040655613,
    "std_of_means": 0.09367260269004395,
    "mean_of_stds": 0.10897437576204538,
    "std_of_stds": 0.01829285644478951,
    "min_std": 0.060471780598163605,
    "max_std": 0.12800708413124084,
    "theoretical_1_over_sqrt_d_s": 0.125,
    "per_subspace_stds": [
      0.12169454991817474,
      0.11311492323875427,
      0.12800708413124084,
      0.12054596096277237,
      0.07690218091011047,
      0.11393292248249054,
      0.060471780598163605,
      0.11638323962688446,
      0.10477614402770996,
      0.11221548169851303,
      0.11346425861120224,
      0.11988375335931778,
      0.08274580538272858,
      0.11963603645563126,
      0.11763188987970352,
      0.12218400090932846
    ],
    "per_subspace_means": [
      0.43741998076438904,
      0.4434259831905365,
      0.35316362977027893,
      0.42609915137290955,
      0.6271957755088806,
      0.4742743968963623,
      0.7302677035331726,
      0.44458115100860596,
      0.5022294521331787,
      0.5103312730789185,
      0.47821927070617676,
      0.42727237939834595,
      0.6324541568756104,
      0.437842458486557,
      0.4436754286289215,
      0.42577293515205383
    ]
  },
  "ratio_subspace_to_full": 1.5699029810600036,
  "theoretical_ratio_sqrt_M": 4.0
}