{
  "n_vectors": 2000,
  "dim_total": 1024,
  "M_subspaces": 16,
  "d_subspace": 64,
  "n_pairs_per_test": 10000,
  "seed": 42,
  "full_cosine": {
    "mean": 0.5602284669876099,
    "std": 0.06037159264087677,
    "theoretical_1_over_sqrt_d": 0.03125
  },
  "subspace_cosine": {
    "mean_of_means": 0.5485832318663597,
    "std_of_means": 0.06870379520549472,
    "mean_of_stds": 0.09509797627106309,
    "std_of_stds": 0.011886386572406381,
    "min_std": 0.05490661412477493,
    "max_std": 0.10950769484043121,
    "theoretical_1_over_sqrt_d_s": 0.125,
    "per_subspace_stds": [
      0.09964288026094437,
      0.10950769484043121,
      0.09540364146232605,
      0.09681889414787292,
      0.09625512361526489,
      0.0916130393743515,
      0.09876024723052979,
      0.10779674351215363,
      0.09339077770709991,
      0.08616527169942856,
      0.10060777515172958,
      0.10089106857776642,
      0.10345739126205444,
      0.09221912175416946,
      0.05490661412477493,
      0.09413133561611176
    ],
    "per_subspace_means": [
      0.559070885181427,
      0.4496416449546814,
      0.5508949756622314,
      0.5385506749153137,
      0.5294398665428162,
      0.5817269086837769,
      0.5269072651863098,
      0.47565627098083496,
      0.5865668058395386,
      0.6107520461082458,
      0.4847169518470764,
      0.4906798005104065,
      0.499489963054657,
      0.586733877658844,
      0.7526216506958008,
      0.5538821220397949
    ]
  },
  "ratio_subspace_to_full": 1.5752106597014564,
  "theoretical_ratio_sqrt_M": 4.0
}