{
  "n_vectors": 2000,
  "dim_total": 1024,
  "M_subspaces": 16,
  "d_subspace": 64,
  "n_pairs_per_test": 10000,
  "seed": 42,
  "full_cosine": {
    "mean": 0.30961155891418457,
    "std": 0.23449265956878662,
    "theoretical_1_over_sqrt_d": 0.03125
  },
  "subspace_cosine": {
    "mean_of_means": 0.2943782266229391,
    "std_of_means": 0.05868727735473811,
    "mean_of_stds": 0.23860225267708302,
    "std_of_stds": 0.03771436195885167,
    "min_std": 0.1958785057067871,
    "max_std": 0.34236979484558105,
    "theoretical_1_over_sqrt_d_s": 0.125,
    "per_subspace_stds": [
      0.23015496134757996,
      0.2103879749774933,
      0.22954274713993073,
      0.20997387170791626,
      0.30944356322288513,
      0.23773209750652313,
      0.34236979484558105,
      0.21156400442123413,
      0.22053688764572144,
      0.2340976446866989,
      0.21134811639785767,
      0.2194363921880722,
      0.27256807684898376,
      0.24450728297233582,
      0.23809412121772766,
      0.1958785057067871
    ],
    "per_subspace_means": [
      0.28371596336364746,
      0.25172722339630127,
      0.2871449887752533,
      0.24510903656482697,
      0.40232399106025696,
      0.2954784333705902,
      0.4565022885799408,
      0.25669044256210327,
      0.26312512159347534,
      0.2828890383243561,
      0.253213107585907,
      0.2658029794692993,
      0.346239298582077,
      0.30516254901885986,
      0.2905194163322449,
      0.22440774738788605
    ]
  },
  "ratio_subspace_to_full": 1.017525465896688,
  "theoretical_ratio_sqrt_M": 4.0
}