{
  "n_vectors": 2000,
  "dim_total": 4096,
  "M_subspaces": 64,
  "d_subspace": 64,
  "n_pairs_per_test": 10000,
  "seed": 42,
  "full_cosine": {
    "mean": 0.7582305073738098,
    "std": 0.058225829154253006,
    "theoretical_1_over_sqrt_d": 0.015625
  },
  "subspace_cosine": {
    "mean_of_means": 0.56738944305107,
    "std_of_means": 0.14196243100196868,
    "mean_of_stds": 0.11759290014742874,
    "std_of_stds": 0.0297051642276253,
    "min_std": 0.027147037908434868,
    "max_std": 0.194867804646492,
    "theoretical_1_over_sqrt_d_s": 0.125,
    "per_subspace_stds": [
      0.09938037395477295,
      0.09998868405818939,
      0.1339682638645172,
      0.14628688991069794,
      0.09131863713264465,
      0.12997780740261078,
      0.12646500766277313,
      0.12435762584209442,
      0.14806342124938965,
      0.09611096233129501,
      0.09619629383087158,
      0.11763209104537964,
      0.11311714351177216,
      0.1101732924580574,
      0.10925284773111343,
      0.12657427787780762,
      0.120026133954525,
      0.194867804646492,
      0.11094045639038086,
      0.12538044154644012,
      0.11204931139945984,
      0.11302407830953598,
      0.17063815891742706,
      0.12109789997339249,
      0.12013725191354752,
      0.12691977620124817,
      0.1231003850698471,
      0.11873441934585571,
      0.146554097533226,
      0.1165943369269371,
      0.12391532212495804,
      0.15663103759288788,
      0.038663893938064575,
      0.11917854100465775,
      0.07716692984104156,
      0.027147037908434868,
      0.12090982496738434,
      0.12207617610692978,
      0.12416349351406097,
      0.12656395137310028,
      0.1269320398569107,
      0.05069352686405182,
      0.08439501374959946,
      0.14311449229717255,
      0.08534864336252213,
      0.14288438856601715,
      0.12329389899969101,
      0.15082213282585144,
      0.11522854119539261,
      0.07031720131635666,
      0.1047087237238884,
      0.11656038463115692,
      0.12027645111083984,
      0.14114098250865936,
      0.14203664660453796,
      0.09740087389945984,
      0.10514096170663834,
      0.18648327887058258,
      0.08572627604007721,
      0.15349821746349335,
      0.12853753566741943,
      0.11822281032800674,
      0.14393167197704315,
      0.06390653550624847
    ],
    "per_subspace_means": [
      0.5918609499931335,
      0.5481984615325928,
      0.4510978162288666,
      0.571730375289917,
      0.582216203212738,
      0.5440300703048706,
      0.412823349237442,
      0.5395615696907043,
      0.504452109336853,
      0.5717739462852478,
      0.6479142308235168,
      0.5221443176269531,
      0.7454915046691895,
      0.5307794809341431,
      0.5141164660453796,
      0.7786843776702881,
      0.4567665159702301,
      0.5040591359138489,
      0.5109826326370239,
      0.5277990102767944,
      0.5432857871055603,
      0.5941109657287598,
      0.6205898523330688,
      0.4755440354347229,
      0.4187212884426117,
      0.42950013279914856,
      0.4750638008117676,
      0.5618947744369507,
      0.4698605537414551,
      0.4596324563026428,
      0.6663863658905029,
      0.4279146194458008,
      0.9486511945724487,
      0.48986124992370605,
      0.9316883087158203,
      0.9805984497070312,
      0.4272798001766205,
      0.5271890163421631,
      0.4203527569770813,
      0.5709088444709778,
      0.548157274723053,
      0.8952518105506897,
      0.6482267379760742,
      0.5172986388206482,
      0.626761257648468,
      0.5272616744041443,
      0.6342583298683167,
      0.5026995539665222,
      0.4971795380115509,
      0.9551751017570496,
      0.5162768363952637,
      0.4964744448661804,
      0.4622466266155243,
      0.41398611664772034,
      0.5486017465591431,
      0.534100353717804,
      0.5420507192611694,
      0.44491100311279297,
      0.6657634973526001,
      0.5399197936058044,
      0.6213355660438538,
      0.47564736008644104,
      0.3226047456264496,
      0.8812188506126404
    ]
  },
  "ratio_subspace_to_full": 2.019600267707641,
  "theoretical_ratio_sqrt_M": 8.0
}