{
  "n_vectors": 2000,
  "dim_total": 4096,
  "M_subspaces": 64,
  "d_subspace": 64,
  "n_pairs_per_test": 10000,
  "seed": 42,
  "full_cosine": {
    "mean": 0.6705613732337952,
    "std": 0.15760928392410278,
    "theoretical_1_over_sqrt_d": 0.015625
  },
  "subspace_cosine": {
    "mean_of_means": 0.5071749011985958,
    "std_of_means": 0.13916952314291034,
    "mean_of_stds": 0.16632480232510716,
    "std_of_stds": 0.05401774416708412,
    "min_std": 0.08373206853866577,
    "max_std": 0.421510249376297,
    "theoretical_1_over_sqrt_d_s": 0.125,
    "per_subspace_stds": [
      0.11917214095592499,
      0.12199938297271729,
      0.1405135542154312,
      0.2011115700006485,
      0.1268942803144455,
      0.13919466733932495,
      0.15138572454452515,
      0.1424221396446228,
      0.15880227088928223,
      0.1271507889032364,
      0.15481671690940857,
      0.14022816717624664,
      0.2891466021537781,
      0.13615986704826355,
      0.14620661735534668,
      0.15194201469421387,
      0.1401195228099823,
      0.18869756162166595,
      0.1783987283706665,
      0.1787939816713333,
      0.14356033504009247,
      0.15203499794006348,
      0.421510249376297,
      0.13865172863006592,
      0.14146526157855988,
      0.15577122569084167,
      0.14174410700798035,
      0.14753732085227966,
      0.19478169083595276,
      0.1554061472415924,
      0.1908508539199829,
      0.21272872388362885,
      0.20731036365032196,
      0.13562336564064026,
      0.22095879912376404,
      0.08373206853866577,
      0.1461155116558075,
      0.16417449712753296,
      0.13637112081050873,
      0.13295170664787292,
      0.15930351614952087,
      0.17642849683761597,
      0.12209869176149368,
      0.15137642621994019,
      0.12433650344610214,
      0.1471298187971115,
      0.1515786498785019,
      0.1726553589105606,
      0.13896401226520538,
      0.24877887964248657,
      0.12935714423656464,
      0.13266974687576294,
      0.14392222464084625,
      0.1377994269132614,
      0.16388675570487976,
      0.12286122888326645,
      0.12508350610733032,
      0.2105623185634613,
      0.12133707106113434,
      0.3419233560562134,
      0.2139074057340622,
      0.26986074447631836,
      0.16347461938858032,
      0.21905507147312164
    ],
    "per_subspace_means": [
      0.5205038785934448,
      0.5243076086044312,
      0.4025810956954956,
      0.4921891987323761,
      0.5634729266166687,
      0.533598780632019,
      0.425976037979126,
      0.4692147374153137,
      0.45719587802886963,
      0.4887167811393738,
      0.48799657821655273,
      0.44967547059059143,
      0.6310102343559265,
      0.44170016050338745,
      0.5451582670211792,
      0.46500903367996216,
      0.40942010283470154,
      0.7815617322921753,
      0.4126740097999573,
      0.5776569843292236,
      0.4496484398841858,
      0.5425090789794922,
      0.2610487937927246,
      0.4438818395137787,
      0.3602290749549866,
      0.39060354232788086,
      0.47396621108055115,
      0.48187610507011414,
      0.39737561345100403,
      0.47225260734558105,
      0.46726521849632263,
      0.5258059501647949,
      0.8442949652671814,
      0.5106207132339478,
      0.8541609644889832,
      0.9525680541992188,
      0.32817238569259644,
      0.4246180057525635,
      0.4230998456478119,
      0.47030866146087646,
      0.5194897651672363,
      0.787697434425354,
      0.5850487947463989,
      0.4724019765853882,
      0.6039212942123413,
      0.41408392786979675,
      0.5875833630561829,
      0.4869462251663208,
      0.5289046168327332,
      0.8488504886627197,
      0.4782777726650238,
      0.5125664472579956,
      0.3885420262813568,
      0.41482865810394287,
      0.4445652365684509,
      0.4694850742816925,
      0.5147942900657654,
      0.38058003783226013,
      0.6081961393356323,
      0.34430211782455444,
      0.536597490310669,
      0.30555957555770874,
      0.27728715538978577,
      0.7947582006454468
    ]
  },
  "ratio_subspace_to_full": 1.0552982551789358,
  "theoretical_ratio_sqrt_M": 8.0
}