{
  "n_vectors": 2000,
  "dim_total": 1024,
  "M_subspaces": 16,
  "d_subspace": 64,
  "n_pairs_per_test": 10000,
  "seed": 42,
  "full_cosine": {
    "mean": 0.7268553376197815,
    "std": 0.03733137249946594,
    "theoretical_1_over_sqrt_d": 0.03125
  },
  "subspace_cosine": {
    "mean_of_means": 0.510679604485631,
    "std_of_means": 0.13955019577873898,
    "mean_of_stds": 0.10085612945840694,
    "std_of_stds": 0.028055051190825703,
    "min_std": 0.007522879634052515,
    "max_std": 0.124384805560112,
    "theoretical_1_over_sqrt_d_s": 0.125,
    "per_subspace_stds": [
      0.11559461802244186,
      0.09665803611278534,
      0.1051550880074501,
      0.11559408158063889,
      0.06567476689815521,
      0.08690847456455231,
      0.007522879634052515,
      0.11209574341773987,
      0.10854925960302353,
      0.12428458780050278,
      0.11482565850019455,
      0.11542955785989761,
      0.09684828668832779,
      0.11488372832536697,
      0.10928849875926971,
      0.124384805560112
    ],
    "per_subspace_means": [
      0.44962579011917114,
      0.5029249787330627,
      0.4828341007232666,
      0.4350285530090332,
      0.6905419826507568,
      0.558402955532074,
      0.966320276260376,
      0.4494979679584503,
      0.5125239491462708,
      0.4312297999858856,
      0.4228390157222748,
      0.44678521156311035,
      0.5525559186935425,
      0.44578272104263306,
      0.4886837601661682,
      0.3352966904640198
    ]
  },
  "ratio_subspace_to_full": 2.7016453643607603,
  "theoretical_ratio_sqrt_M": 4.0
}