{
  "n_vectors": 2000,
  "dim_total": 1024,
  "M_subspaces": 16,
  "d_subspace": 64,
  "n_pairs_per_test": 10000,
  "seed": 42,
  "full_cosine": {
    "mean": 0.29981258511543274,
    "std": 0.21736732125282288,
    "theoretical_1_over_sqrt_d": 0.03125
  },
  "subspace_cosine": {
    "mean_of_means": 0.2868380667641759,
    "std_of_means": 0.06660195773336837,
    "mean_of_stds": 0.22218216862529516,
    "std_of_stds": 0.03857447786820125,
    "min_std": 0.18281590938568115,
    "max_std": 0.3282761573791504,
    "theoretical_1_over_sqrt_d_s": 0.125,
    "per_subspace_stds": [
      0.19940242171287537,
      0.20433151721954346,
      0.22070316970348358,
      0.19607840478420258,
      0.29497766494750977,
      0.22222475707530975,
      0.3282761573791504,
      0.2230641394853592,
      0.18281590938568115,
      0.20842966437339783,
      0.2081950455904007,
      0.193533793091774,
      0.2578979730606079,
      0.20901116728782654,
      0.2228553146123886,
      0.1831175982952118
    ],
    "per_subspace_means": [
      0.2472100853919983,
      0.25356942415237427,
      0.2838597595691681,
      0.24013635516166687,
      0.4083237648010254,
      0.2935780882835388,
      0.47116273641586304,
      0.2885555624961853,
      0.21843211352825165,
      0.2674363851547241,
      0.2602873742580414,
      0.2389174997806549,
      0.34879782795906067,
      0.2633953392505646,
      0.28872308135032654,
      0.21702367067337036
    ]
  },
  "ratio_subspace_to_full": 1.022150741632741,
  "theoretical_ratio_sqrt_M": 4.0
}