{
  "n_vectors": 2000,
  "dim_total": 4096,
  "M_subspaces": 64,
  "d_subspace": 64,
  "n_pairs_per_test": 10000,
  "seed": 42,
  "full_cosine": {
    "mean": 0.7818425297737122,
    "std": 0.1344931274652481,
    "theoretical_1_over_sqrt_d": 0.015625
  },
  "subspace_cosine": {
    "mean_of_means": 0.5663457810878754,
    "std_of_means": 0.1430104526311912,
    "mean_of_stds": 0.15207081602420658,
    "std_of_stds": 0.03610627358448089,
    "min_std": 0.06864500790834427,
    "max_std": 0.2710193991661072,
    "theoretical_1_over_sqrt_d_s": 0.125,
    "per_subspace_stds": [
      0.12477857619524002,
      0.11172080039978027,
      0.13113175332546234,
      0.17356795072555542,
      0.11177538335323334,
      0.1451418399810791,
      0.1589992344379425,
      0.1384667456150055,
      0.15815207362174988,
      0.1099184900522232,
      0.13129110634326935,
      0.147344708442688,
      0.19610092043876648,
      0.12326309084892273,
      0.12474173307418823,
      0.15480485558509827,
      0.14784659445285797,
      0.13787521421909332,
      0.16156843304634094,
      0.19083310663700104,
      0.13156594336032867,
      0.13568368554115295,
      0.2710193991661072,
      0.1386464238166809,
      0.12604570388793945,
      0.13278363645076752,
      0.1346101015806198,
      0.1505572646856308,
      0.15753768384456635,
      0.15302921831607819,
      0.23984552919864655,
      0.21219617128372192,
      0.17414970695972443,
      0.14013753831386566,
      0.19322022795677185,
      0.06864500790834427,
      0.12970919907093048,
      0.15235714614391327,
      0.13337652385234833,
      0.12202988564968109,
      0.18160872161388397,
      0.18006373941898346,
      0.11464481055736542,
      0.15826649963855743,
      0.10536425560712814,
      0.14995160698890686,
      0.1432088166475296,
      0.19126135110855103,
      0.12180596590042114,
      0.21395739912986755,
      0.12426228076219559,
      0.11311226338148117,
      0.13062070310115814,
      0.13931895792484283,
      0.16829407215118408,
      0.12027467042207718,
      0.12067610770463943,
      0.21607506275177002,
      0.11990459263324738,
      0.21302905678749084,
      0.15866339206695557,
      0.1805342733860016,
      0.16737821698188782,
      0.22378680109977722
    ],
    "per_subspace_means": [
      0.5474046468734741,
      0.5962651968002319,
      0.4623328447341919,
      0.584254801273346,
      0.6208506226539612,
      0.5455158352851868,
      0.43177932500839233,
      0.5551901459693909,
      0.5541370511054993,
      0.5874364972114563,
      0.6029861569404602,
      0.4952031373977661,
      0.8238970041275024,
      0.506189227104187,
      0.6447774171829224,
      0.4762321710586548,
      0.38087788224220276,
      0.9003366827964783,
      0.41588035225868225,
      0.526150107383728,
      0.5460153222084045,
      0.5193723440170288,
      0.5907021760940552,
      0.45459288358688354,
      0.43723002076148987,
      0.46725568175315857,
      0.4833838641643524,
      0.5713099837303162,
      0.48910555243492126,
      0.44453737139701843,
      0.4054667055606842,
      0.49402204155921936,
      0.9244607090950012,
      0.5108846426010132,
      0.9186263084411621,
      0.9739648103713989,
      0.43886223435401917,
      0.4325753152370453,
      0.5052652359008789,
      0.5104091763496399,
      0.48415085673332214,
      0.8254798054695129,
      0.6360793709754944,
      0.5106824040412903,
      0.6824958324432373,
      0.42595991492271423,
      0.6530482769012451,
      0.49341490864753723,
      0.618492603302002,
      0.9291325807571411,
      0.5308524370193481,
      0.56644207239151,
      0.45903050899505615,
      0.4434621334075928,
      0.4705303907394409,
      0.51173996925354,
      0.5571953654289246,
      0.4871954321861267,
      0.6287953853607178,
      0.6501706838607788,
      0.6625224351882935,
      0.4156856834888458,
      0.3972955644130707,
      0.830535888671875
    ]
  },
  "ratio_subspace_to_full": 1.1306958124198607,
  "theoretical_ratio_sqrt_M": 8.0
}