{
  "n_vectors": 2000,
  "dim_total": 1024,
  "M_subspaces": 16,
  "d_subspace": 64,
  "n_pairs_per_test": 10000,
  "seed": 42,
  "full_cosine": {
    "mean": 0.4904102385044098,
    "std": 0.06816684454679489,
    "theoretical_1_over_sqrt_d": 0.03125
  },
  "subspace_cosine": {
    "mean_of_means": 0.47087739035487175,
    "std_of_means": 0.09174525385701351,
    "mean_of_stds": 0.1099541571456939,
    "std_of_stds": 0.017930087139526013,
    "min_std": 0.061001334339380264,
    "max_std": 0.12545117735862732,
    "theoretical_1_over_sqrt_d_s": 0.125,
    "per_subspace_stds": [
      0.1187591478228569,
      0.11915093660354614,
      0.10869991779327393,
      0.12545117735862732,
      0.0771595910191536,
      0.10705410689115524,
      0.061001334339380264,
      0.11605489999055862,
      0.12254813313484192,
      0.1213085949420929,
      0.12176181375980377,
      0.11908993124961853,
      0.0892125740647316,
      0.1096363365650177,
      0.11736118048429489,
      0.12501683831214905
    ],
    "per_subspace_means": [
      0.44990023970603943,
      0.4047574996948242,
      0.45506551861763,
      0.39684978127479553,
      0.6445579528808594,
      0.4773124158382416,
      0.7202560901641846,
      0.4092486500740051,
      0.41911396384239197,
      0.4562719166278839,
      0.40659207105636597,
      0.42226117849349976,
      0.5554432272911072,
      0.4856613874435425,
      0.46546611189842224,
      0.36528024077415466
    ]
  },
  "ratio_subspace_to_full": 1.6130152110856917,
  "theoretical_ratio_sqrt_M": 4.0
}