{
  "n_vectors": 2000,
  "dim_total": 1024,
  "M_subspaces": 16,
  "d_subspace": 64,
  "n_pairs_per_test": 10000,
  "seed": 42,
  "full_cosine": {
    "mean": 0.4788634181022644,
    "std": 0.13529905676841736,
    "theoretical_1_over_sqrt_d": 0.03125
  },
  "subspace_cosine": {
    "mean_of_means": 0.46040038764476776,
    "std_of_means": 0.08780035589300907,
    "mean_of_stds": 0.15587939228862524,
    "std_of_stds": 0.007547937754371233,
    "min_std": 0.1480778306722641,
    "max_std": 0.18021446466445923,
    "theoretical_1_over_sqrt_d_s": 0.125,
    "per_subspace_stds": [
      0.15567390620708466,
      0.14834265410900116,
      0.1480778306722641,
      0.15211385488510132,
      0.16073323786258698,
      0.15496720373630524,
      0.18021446466445923,
      0.15163786709308624,
      0.1548691838979721,
      0.15886269509792328,
      0.1542903333902359,
      0.15141047537326813,
      0.16487596929073334,
      0.15332189202308655,
      0.1525796353816986,
      0.15209907293319702
    ],
    "per_subspace_means": [
      0.4121948182582855,
      0.4197957217693329,
      0.33358892798423767,
      0.4029824733734131,
      0.5921499729156494,
      0.44838041067123413,
      0.6865358352661133,
      0.4208870530128479,
      0.4739190936088562,
      0.48274555802345276,
      0.45232483744621277,
      0.40496209263801575,
      0.5981783866882324,
      0.4141612648963928,
      0.41971978545188904,
      0.40387997031211853
    ]
  },
  "ratio_subspace_to_full": 1.1521099704001183,
  "theoretical_ratio_sqrt_M": 4.0
}