{
  "n_vectors": 2000,
  "dim_total": 1024,
  "M_subspaces": 16,
  "d_subspace": 64,
  "n_pairs_per_test": 10000,
  "seed": 42,
  "full_cosine": {
    "mean": 0.4508974254131317,
    "std": 0.06349962949752808,
    "theoretical_1_over_sqrt_d": 0.03125
  },
  "subspace_cosine": {
    "mean_of_means": 0.42951792292296886,
    "std_of_means": 0.09721941126561133,
    "mean_of_stds": 0.11052131187170744,
    "std_of_stds": 0.017355399467726133,
    "min_std": 0.062445998191833496,
    "max_std": 0.12662354111671448,
    "theoretical_1_over_sqrt_d_s": 0.125,
    "per_subspace_stds": [
      0.11570169776678085,
      0.12383436411619186,
      0.11866017431020737,
      0.122825987637043,
      0.08028581738471985,
      0.10579431056976318,
      0.062445998191833496,
      0.1176312044262886,
      0.12662354111671448,
      0.11625224351882935,
      0.11695805937051773,
      0.12119103223085403,
      0.08862493932247162,
      0.11209918558597565,
      0.11891358345746994,
      0.12049885094165802
    ],
    "per_subspace_means": [
      0.38601747155189514,
      0.41360366344451904,
      0.4120461642742157,
      0.36393964290618896,
      0.6016176342964172,
      0.41315361857414246,
      0.6926783323287964,
      0.3496472239494324,
      0.34480828046798706,
      0.40362656116485596,
      0.4052240550518036,
      0.3833685517311096,
      0.5613082647323608,
      0.3848043978214264,
      0.42157450318336487,
      0.3348684012889862
    ]
  },
  "ratio_subspace_to_full": 1.7405032556293865,
  "theoretical_ratio_sqrt_M": 4.0
}