{
  "n_vectors": 2000,
  "dim_total": 1024,
  "M_subspaces": 16,
  "d_subspace": 64,
  "n_pairs_per_test": 10000,
  "seed": 42,
  "full_cosine": {
    "mean": 0.5712640285491943,
    "std": 0.053046293556690216,
    "theoretical_1_over_sqrt_d": 0.03125
  },
  "subspace_cosine": {
    "mean_of_means": 0.5592819228768349,
    "std_of_means": 0.06579221301076889,
    "mean_of_stds": 0.08930354821495712,
    "std_of_stds": 0.012842654758672774,
    "min_std": 0.05014996603131294,
    "max_std": 0.10740493983030319,
    "theoretical_1_over_sqrt_d_s": 0.125,
    "per_subspace_stds": [
      0.08953465521335602,
      0.10740493983030319,
      0.09431236982345581,
      0.09758144617080688,
      0.08013865351676941,
      0.08049464970827103,
      0.09655681252479553,
      0.10487457364797592,
      0.08585899323225021,
      0.07805715501308441,
      0.0903390645980835,
      0.09605276584625244,
      0.09451380372047424,
      0.08972648531198502,
      0.05014996603131294,
      0.09326043725013733
    ],
    "per_subspace_means": [
      0.5807268619537354,
      0.49459460377693176,
      0.5301207304000854,
      0.5224252939224243,
      0.6242260932922363,
      0.618572473526001,
      0.5036895871162415,
      0.4738732874393463,
      0.5610057711601257,
      0.6052724123001099,
      0.5398283004760742,
      0.5183588862419128,
      0.5107536911964417,
      0.5801371932029724,
      0.7508306503295898,
      0.5340949296951294
    ]
  },
  "ratio_subspace_to_full": 1.6835021304460984,
  "theoretical_ratio_sqrt_M": 4.0
}