{
  "n_vectors": 2000,
  "dim_total": 1024,
  "M_subspaces": 16,
  "d_subspace": 64,
  "n_pairs_per_test": 10000,
  "seed": 42,
  "full_cosine": {
    "mean": 0.44644367694854736,
    "std": 0.07569413632154465,
    "theoretical_1_over_sqrt_d": 0.03125
  },
  "subspace_cosine": {
    "mean_of_means": 0.422812020406127,
    "std_of_means": 0.10278941001917763,
    "mean_of_stds": 0.1184699684381485,
    "std_of_stds": 0.016347236482288946,
    "min_std": 0.07415291666984558,
    "max_std": 0.13330550491809845,
    "theoretical_1_over_sqrt_d_s": 0.125,
    "per_subspace_stds": [
      0.13051104545593262,
      0.12328999489545822,
      0.12265938520431519,
      0.13236863911151886,
      0.08912163972854614,
      0.11085963994264603,
      0.07415291666984558,
      0.1310998797416687,
      0.1189296618103981,
      0.1226392537355423,
      0.12623193860054016,
      0.12880583107471466,
      0.10009358823299408,
      0.12395381182432175,
      0.12749676406383514,
      0.13330550491809845
    ],
    "per_subspace_means": [
      0.3411348760128021,
      0.39424312114715576,
      0.39518535137176514,
      0.3411554992198944,
      0.5976207256317139,
      0.4645300507545471,
      0.705588161945343,
      0.34497833251953125,
      0.4339759647846222,
      0.40879833698272705,
      0.3956170380115509,
      0.3742768466472626,
      0.5314832329750061,
      0.3588993549346924,
      0.37318307161331177,
      0.30432236194610596
    ]
  },
  "ratio_subspace_to_full": 1.5651142108933565,
  "theoretical_ratio_sqrt_M": 4.0
}