{
  "n_vectors": 2000,
  "dim_total": 1024,
  "M_subspaces": 16,
  "d_subspace": 64,
  "n_pairs_per_test": 10000,
  "seed": 42,
  "full_cosine": {
    "mean": 0.5599555969238281,
    "std": 0.06334754824638367,
    "theoretical_1_over_sqrt_d": 0.03125
  },
  "subspace_cosine": {
    "mean_of_means": 0.5513569060713053,
    "std_of_means": 0.057340175861443916,
    "mean_of_stds": 0.0973253115080297,
    "std_of_stds": 0.01257884908313294,
    "min_std": 0.053177982568740845,
    "max_std": 0.10968336462974548,
    "theoretical_1_over_sqrt_d_s": 0.125,
    "per_subspace_stds": [
      0.10643121600151062,
      0.10014902800321579,
      0.10389210283756256,
      0.10194360464811325,
      0.09273402392864227,
      0.09198062121868134,
      0.10968336462974548,
      0.1073220819234848,
      0.0923546776175499,
      0.09270933270454407,
      0.1026851236820221,
      0.10104513168334961,
      0.09834650158882141,
      0.1002383828163147,
      0.053177982568740845,
      0.10251180827617645
    ],
    "per_subspace_means": [
      0.5171551704406738,
      0.5354086756706238,
      0.5486458539962769,
      0.5174108743667603,
      0.5689748525619507,
      0.5913259983062744,
      0.4931289851665497,
      0.5212211608886719,
      0.5628138780593872,
      0.5787158012390137,
      0.5252893567085266,
      0.544539213180542,
      0.5580669641494751,
      0.4863225221633911,
      0.7447189092636108,
      0.5279722809791565
    ]
  },
  "ratio_subspace_to_full": 1.5363706126319692,
  "theoretical_ratio_sqrt_M": 4.0
}