{
  "n_vectors": 2000,
  "dim_total": 4096,
  "M_subspaces": 64,
  "d_subspace": 64,
  "n_pairs_per_test": 10000,
  "seed": 42,
  "full_cosine": {
    "mean": 0.664860725402832,
    "std": 0.13153652846813202,
    "theoretical_1_over_sqrt_d": 0.015625
  },
  "subspace_cosine": {
    "mean_of_means": 0.48072108486667275,
    "std_of_means": 0.14066993891988092,
    "mean_of_stds": 0.15678224083967507,
    "std_of_stds": 0.04171430422138681,
    "min_std": 0.11097325384616852,
    "max_std": 0.297513484954834,
    "theoretical_1_over_sqrt_d_s": 0.125,
    "per_subspace_stds": [
      0.1262005716562271,
      0.11898604035377502,
      0.1388472020626068,
      0.19424450397491455,
      0.11364231258630753,
      0.14233466982841492,
      0.1585441380739212,
      0.13146337866783142,
      0.15898016095161438,
      0.1183234229683876,
      0.1333627700805664,
      0.1376941055059433,
      0.24846981465816498,
      0.12728020548820496,
      0.14068061113357544,
      0.2079249769449234,
      0.13654975593090057,
      0.25508370995521545,
      0.1360807865858078,
      0.15003561973571777,
      0.13072173297405243,
      0.14770027995109558,
      0.297513484954834,
      0.127563014626503,
      0.12732629477977753,
      0.14267610013484955,
      0.13889186084270477,
      0.11901826411485672,
      0.1838466078042984,
      0.13363054394721985,
      0.18281680345535278,
      0.2001868635416031,
      0.1928025633096695,
      0.13239555060863495,
      0.2514411509037018,
      0.11216770857572556,
      0.1299131214618683,
      0.14287205040454865,
      0.12531565129756927,
      0.15691523253917694,
      0.14920364320278168,
      0.24026048183441162,
      0.13819821178913116,
      0.1652044951915741,
      0.11097325384616852,
      0.14829914271831512,
      0.13615919649600983,
      0.16636879742145538,
      0.12502510845661163,
      0.21844902634620667,
      0.12109725922346115,
      0.12029742449522018,
      0.12620721757411957,
      0.14388680458068848,
      0.1711793839931488,
      0.11694193631410599,
      0.13128206133842468,
      0.19583803415298462,
      0.12160938233137131,
      0.2669791281223297,
      0.17506538331508636,
      0.17182615399360657,
      0.15664514899253845,
      0.1666231006383896
    ],
    "per_subspace_means": [
      0.44976678490638733,
      0.4573844373226166,
      0.34398242831230164,
      0.5821570754051208,
      0.49906209111213684,
      0.5652927756309509,
      0.3261024057865143,
      0.4146506190299988,
      0.37260016798973083,
      0.4303818643093109,
      0.5193334817886353,
      0.4668685495853424,
      0.6562151312828064,
      0.3893323242664337,
      0.43254977464675903,
      0.5462982654571533,
      0.3962137997150421,
      0.4969615936279297,
      0.40552571415901184,
      0.4628099203109741,
      0.44173070788383484,
      0.4771227240562439,
      0.4332559406757355,
      0.3730807900428772,
      0.37045571208000183,
      0.37610188126564026,
      0.3681488335132599,
      0.5800577998161316,
      0.37483689188957214,
      0.4011994004249573,
      0.4358838200569153,
      0.4661509692668915,
      0.867243766784668,
      0.3820209205150604,
      0.8481060266494751,
      0.9429466128349304,
      0.32174861431121826,
      0.389680415391922,
      0.38552889227867126,
      0.4682205319404602,
      0.42856138944625854,
      0.6484376788139343,
      0.5674384236335754,
      0.3876420557498932,
      0.5453081727027893,
      0.3815116584300995,
      0.6190155744552612,
      0.4557208716869354,
      0.47921574115753174,
      0.8999578356742859,
      0.44840767979621887,
      0.4609411060810089,
      0.3678431808948517,
      0.339057981967926,
      0.47655853629112244,
      0.4145621657371521,
      0.42362064123153687,
      0.3957754075527191,
      0.562586784362793,
      0.5306184887886047,
      0.5572786331176758,
      0.35568031668663025,
      0.2802513539791107,
      0.8231472969055176
    ]
  },
  "ratio_subspace_to_full": 1.1919292888869228,
  "theoretical_ratio_sqrt_M": 8.0
}