{
  "n_vectors": 2000,
  "dim_total": 4096,
  "M_subspaces": 64,
  "d_subspace": 64,
  "n_pairs_per_test": 10000,
  "seed": 42,
  "full_cosine": {
    "mean": 0.7052478790283203,
    "std": 0.0654454380273819,
    "theoretical_1_over_sqrt_d": 0.015625
  },
  "subspace_cosine": {
    "mean_of_means": 0.525949175003916,
    "std_of_means": 0.14748780834217592,
    "mean_of_stds": 0.1270028063445352,
    "std_of_stds": 0.036765731206198374,
    "min_std": 0.03359879180788994,
    "max_std": 0.2697078287601471,
    "theoretical_1_over_sqrt_d_s": 0.125,
    "per_subspace_stds": [
      0.09814053773880005,
      0.10721446573734283,
      0.13083523511886597,
      0.19485744833946228,
      0.09595786780118942,
      0.1252724826335907,
      0.13623785972595215,
      0.11891540884971619,
      0.13395163416862488,
      0.10657242685556412,
      0.10833875834941864,
      0.11185145378112793,
      0.1504351943731308,
      0.11481759697198868,
      0.11631898581981659,
      0.1125572994351387,
      0.12206695228815079,
      0.2697078287601471,
      0.11694469302892685,
      0.12314565479755402,
      0.11070754379034042,
      0.12442190945148468,
      0.17954674363136292,
      0.12936826050281525,
      0.12304791063070297,
      0.1345556378364563,
      0.17882491648197174,
      0.10940000414848328,
      0.168132945895195,
      0.11840527504682541,
      0.13675916194915771,
      0.20572605729103088,
      0.05789043381810188,
      0.11826421320438385,
      0.05951189622282982,
      0.03359879180788994,
      0.13155518472194672,
      0.11999789625406265,
      0.12479511648416519,
      0.11812857538461685,
      0.15155814588069916,
      0.09960351139307022,
      0.10839914530515671,
      0.17115801572799683,
      0.09287888556718826,
      0.13831259310245514,
      0.1005338728427887,
      0.1669681966304779,
      0.12047407776117325,
      0.06748461723327637,
      0.10127990692853928,
      0.12037533521652222,
      0.11565954238176346,
      0.14337985217571259,
      0.16712374985218048,
      0.10321661829948425,
      0.12164292484521866,
      0.21499477326869965,
      0.10917053371667862,
      0.14392246305942535,
      0.13407506048679352,
      0.13424712419509888,
      0.14009669423103333,
      0.08484570682048798
    ],
    "per_subspace_means": [
      0.564696192741394,
      0.4946633279323578,
      0.4093115031719208,
      0.5367494821548462,
      0.5357275009155273,
      0.551242470741272,
      0.41521579027175903,
      0.4484284818172455,
      0.41015076637268066,
      0.4868931770324707,
      0.5726861953735352,
      0.5225986242294312,
      0.6358035802841187,
      0.4559079706668854,
      0.45632678270339966,
      0.8137450814247131,
      0.42023393511772156,
      0.5092654228210449,
      0.48027503490448,
      0.5038788914680481,
      0.4682541489601135,
      0.46669742465019226,
      0.49371492862701416,
      0.3890247642993927,
      0.4131790101528168,
      0.3944546580314636,
      0.4637080132961273,
      0.5381027460098267,
      0.4302805960178375,
      0.4107955992221832,
      0.517890453338623,
      0.44244757294654846,
      0.9307869672775269,
      0.4849044680595398,
      0.9085813760757446,
      0.970818817615509,
      0.3822193145751953,
      0.48454251885414124,
      0.35826072096824646,
      0.5077776908874512,
      0.565361499786377,
      0.8086342215538025,
      0.5512425303459167,
      0.4736989140510559,
      0.5846736431121826,
      0.5061827301979065,
      0.7251866459846497,
      0.4396970570087433,
      0.4278368353843689,
      0.9343142509460449,
      0.4780009984970093,
      0.4524087905883789,
      0.3983929455280304,
      0.37248703837394714,
      0.5025761127471924,
      0.4951772689819336,
      0.47251033782958984,
      0.4139603078365326,
      0.5973977446556091,
      0.5334842205047607,
      0.5864672660827637,
      0.4705269932746887,
      0.3016757667064667,
      0.8886110782623291
    ]
  },
  "ratio_subspace_to_full": 1.9405906686940984,
  "theoretical_ratio_sqrt_M": 8.0
}