{
  "n_vectors": 2000,
  "dim_total": 1024,
  "M_subspaces": 16,
  "d_subspace": 64,
  "n_pairs_per_test": 10000,
  "seed": 42,
  "full_cosine": {
    "mean": 0.45506176352500916,
    "std": 0.06060216203331947,
    "theoretical_1_over_sqrt_d": 0.03125
  },
  "subspace_cosine": {
    "mean_of_means": 0.432552644982934,
    "std_of_means": 0.09946221092414394,
    "mean_of_stds": 0.10879647405818105,
    "std_of_stds": 0.017372939716568087,
    "min_std": 0.06018490344285965,
    "max_std": 0.12403133511543274,
    "theoretical_1_over_sqrt_d_s": 0.125,
    "per_subspace_stds": [
      0.11813192814588547,
      0.12061814218759537,
      0.11462517082691193,
      0.12016121298074722,
      0.07781629264354706,
      0.1083577424287796,
      0.06018490344285965,
      0.11422041803598404,
      0.12403133511543274,
      0.11232955753803253,
      0.11655507236719131,
      0.12130765616893768,
      0.08707474172115326,
      0.11345179378986359,
      0.11208120733499527,
      0.11979641020298004
    ],
    "per_subspace_means": [
      0.37633198499679565,
      0.37973934412002563,
      0.4249427318572998,
      0.36476659774780273,
      0.6183943152427673,
      0.4415391981601715,
      0.7032374143600464,
      0.4342060983181,
      0.3293081521987915,
      0.4031805098056793,
      0.39401277899742126,
      0.35811737179756165,
      0.5311318039894104,
      0.40182843804359436,
      0.4303896427154541,
      0.32971593737602234
    ]
  },
  "ratio_subspace_to_full": 1.7952573044896323,
  "theoretical_ratio_sqrt_M": 4.0
}