{
  "n_vectors": 2000,
  "dim_total": 1024,
  "M_subspaces": 16,
  "d_subspace": 64,
  "n_pairs_per_test": 10000,
  "seed": 42,
  "full_cosine": {
    "mean": 0.407924085855484,
    "std": 0.14136762917041779,
    "theoretical_1_over_sqrt_d": 0.03125
  },
  "subspace_cosine": {
    "mean_of_means": 0.38963029719889164,
    "std_of_means": 0.0886227227955238,
    "mean_of_stds": 0.16275270935148,
    "std_of_stds": 0.014288534326810081,
    "min_std": 0.1470099687576294,
    "max_std": 0.2018110603094101,
    "theoretical_1_over_sqrt_d_s": 0.125,
    "per_subspace_stds": [
      0.15546992421150208,
      0.16492074728012085,
      0.16325633227825165,
      0.15597830712795258,
      0.1873902529478073,
      0.15382012724876404,
      0.2018110603094101,
      0.1487780511379242,
      0.15443824231624603,
      0.15884965658187866,
      0.15915536880493164,
      0.1580575853586197,
      0.1788284182548523,
      0.15154828131198883,
      0.16473102569580078,
      0.1470099687576294
    ],
    "per_subspace_means": [
      0.3490023910999298,
      0.37707626819610596,
      0.3734847605228424,
      0.32890984416007996,
      0.5442517399787903,
      0.37503939867019653,
      0.6311949491500854,
      0.3180394470691681,
      0.31321612000465393,
      0.3645434081554413,
      0.3676813542842865,
      0.34735193848609924,
      0.5101574063301086,
      0.3496274948120117,
      0.3806909918785095,
      0.3038172423839569
    ]
  },
  "ratio_subspace_to_full": 1.1512728218373292,
  "theoretical_ratio_sqrt_M": 4.0
}