{
  "n_vectors": 2000,
  "dim_total": 1024,
  "M_subspaces": 16,
  "d_subspace": 64,
  "n_pairs_per_test": 10000,
  "seed": 42,
  "full_cosine": {
    "mean": 0.5903586745262146,
    "std": 0.04901891201734543,
    "theoretical_1_over_sqrt_d": 0.03125
  },
  "subspace_cosine": {
    "mean_of_means": 0.5814143139868975,
    "std_of_means": 0.057132791736015105,
    "mean_of_stds": 0.08452068525366485,
    "std_of_stds": 0.010630275324967048,
    "min_std": 0.04990216717123985,
    "max_std": 0.09710165858268738,
    "theoretical_1_over_sqrt_d_s": 0.125,
    "per_subspace_stds": [
      0.09091109782457352,
      0.09274028986692429,
      0.08338070660829544,
      0.08586454391479492,
      0.0809248834848404,
      0.07516840845346451,
      0.09183938801288605,
      0.09710165858268738,
      0.08131471276283264,
      0.07878629863262177,
      0.09009838104248047,
      0.09007197618484497,
      0.09340323507785797,
      0.08503600209951401,
      0.04990216717123985,
      0.08578721433877945
    ],
    "per_subspace_means": [
      0.5501047372817993,
      0.5546103715896606,
      0.5665395855903625,
      0.5728644728660583,
      0.6264829039573669,
      0.6058038473129272,
      0.4988468587398529,
      0.5346906185150146,
      0.5912331938743591,
      0.622665524482727,
      0.5676713585853577,
      0.5560150742530823,
      0.5384756326675415,
      0.5886563062667847,
      0.7650858163833618,
      0.5628827214241028
    ]
  },
  "ratio_subspace_to_full": 1.7242464545879161,
  "theoretical_ratio_sqrt_M": 4.0
}