{
  "n_vectors": 2000,
  "dim_total": 1024,
  "M_subspaces": 16,
  "d_subspace": 64,
  "n_pairs_per_test": 10000,
  "seed": 42,
  "full_cosine": {
    "mean": 0.39787328243255615,
    "std": 0.1494474560022354,
    "theoretical_1_over_sqrt_d": 0.03125
  },
  "subspace_cosine": {
    "mean_of_means": 0.3777305707335472,
    "std_of_means": 0.09331146590237395,
    "mean_of_stds": 0.16961174923926592,
    "std_of_stds": 0.015984060136799906,
    "min_std": 0.15478956699371338,
    "max_std": 0.21891583502292633,
    "theoretical_1_over_sqrt_d_s": 0.125,
    "per_subspace_stds": [
      0.15875014662742615,
      0.16311554610729218,
      0.16324757039546967,
      0.16184353828430176,
      0.19462621212005615,
      0.17323003709316254,
      0.21891583502292633,
      0.15941229462623596,
      0.16982050240039825,
      0.16619032621383667,
      0.16679131984710693,
      0.16322742402553558,
      0.1813252717256546,
      0.1560082882642746,
      0.16249410808086395,
      0.15478956699371338
    ],
    "per_subspace_means": [
      0.30228596925735474,
      0.3540261387825012,
      0.3516048491001129,
      0.30297210812568665,
      0.5363543033599854,
      0.41330698132514954,
      0.634853720664978,
      0.30847403407096863,
      0.38846704363822937,
      0.3643047511577606,
      0.3524112403392792,
      0.33402755856513977,
      0.4767533242702484,
      0.32099515199661255,
      0.3325355648994446,
      0.27031639218330383
    ]
  },
  "ratio_subspace_to_full": 1.134925637253597,
  "theoretical_ratio_sqrt_M": 4.0
}