{
  "model": "BAAI/bge-reranker-v2-m3 (Q8_0 gguf via llama-server)",
  "first_stage": "bge-m3 cosine top-100",
  "dataset": "nfcorpus",
  "n_test_queries": 323,
  "ndcg_at_10": 0.30131134920462477,
  "ndcg_per_query": {
    "PLAIN-2": 0.7660582586482177,
    "PLAIN-12": 0.0,
    "PLAIN-23": 0.34541598976754706,
    "PLAIN-33": 0.47383995550754976,
    "PLAIN-44": 0.27716891669155885,
    "PLAIN-56": 0.5270742875792747,
    "PLAIN-68": 0.6857333614384805,
    "PLAIN-78": 0.08966284300766811,
    "PLAIN-91": 0.332064350090812,
    "PLAIN-102": 0.12811612289210494,
    "PLAIN-112": 0.632323868766868,
    "PLAIN-123": 0.029887614335889365,
    "PLAIN-133": 0.0,
    "PLAIN-143": 0.5903433850450015,
    "PLAIN-153": 0.861610531519662,
    "PLAIN-165": 0.3974090065417699,
    "PLAIN-175": 0.08811805525234297,
    "PLAIN-186": 0.22009176629808017,
    "PLAIN-196": 0.13886244387355454,
    "PLAIN-207": 0.6879509227782195,
    "PLAIN-217": 0.0,
    "PLAIN-227": 0.0,
    "PLAIN-238": 0.07839826897867533,
    "PLAIN-248": 0.2489083270225946,
    "PLAIN-259": 0.22009176629808017,
    "PLAIN-270": 0.28952298823485745,
    "PLAIN-280": 0.35970991185182927,
    "PLAIN-291": 0.2489083270225946,
    "PLAIN-307": 1.0,
    "PLAIN-320": 0.0,
    "PLAIN-332": 0.6131471927654584,
    "PLAIN-344": 0.5209403671059033,
    "PLAIN-358": 0.0,
    "PLAIN-371": 0.5508231047523733,
    "PLAIN-383": 0.21398626473452756,
    "PLAIN-395": 0.0,
    "PLAIN-407": 0.7262287617954056,
    "PLAIN-418": 0.9072836011519267,
    "PLAIN-430": 0.19215387949992574,
    "PLAIN-441": 0.9257168261436872,
    "PLAIN-457": 0.0,
    "PLAIN-468": 0.3794044728102862,
    "PLAIN-478": 0.0,
    "PLAIN-488": 0.8521705090845474,
    "PLAIN-499": 0.06625422345438903,
    "PLAIN-510": 0.10086747116627115,
    "PLAIN-520": 0.0,
    "PLAIN-531": 0.5114531979843772,
    "PLAIN-541": 0.17856411732486627,
    "PLAIN-551": 0.3065735963827292,
    "PLAIN-561": 0.3589542101716347,
    "PLAIN-571": 0.3932591258696538,
    "PLAIN-583": 0.0,
    "PLAIN-593": 0.20210734650054757,
    "PLAIN-603": 0.0,
    "PLAIN-613": 0.22009176629808017,
    "PLAIN-623": 0.13886244387355454,
    "PLAIN-634": 0.42257499837058643,
    "PLAIN-645": 0.0,
    "PLAIN-660": 0.9216017310213247,
    "PLAIN-671": 1.0,
    "PLAIN-681": 1.0,
    "PLAIN-691": 0.0,
    "PLAIN-701": 0.2529427027676571,
    "PLAIN-711": 0.46270962158308354,
    "PLAIN-721": 1.0,
    "PLAIN-731": 0.3636237070689246,
    "PLAIN-741": 0.576669299949219,
    "PLAIN-751": 0.0,
    "PLAIN-761": 0.19092086617893467,
    "PLAIN-771": 1.0,
    "PLAIN-782": 0.0,
    "PLAIN-792": 0.4935232796777481,
    "PLAIN-806": 0.9363792118010483,
    "PLAIN-817": 0.0,
    "PLAIN-827": 0.5747915663739762,
    "PLAIN-838": 0.6930221935231562,
    "PLAIN-850": 0.5199967979955745,
    "PLAIN-872": 0.0,
    "PLAIN-882": 0.424926013816671,
    "PLAIN-892": 0.4690000933206748,
    "PLAIN-902": 0.6366824387328317,
    "PLAIN-913": 0.7183424120903081,
    "PLAIN-924": 0.06362078819895171,
    "PLAIN-934": 0.8115558478722846,
    "PLAIN-946": 0.0,
    "PLAIN-956": 0.5996943318813953,
    "PLAIN-966": 0.0,
    "PLAIN-977": 0.23463936301137822,
    "PLAIN-987": 0.0,
    "PLAIN-997": 0.0,
    "PLAIN-1008": 0.0,
    "PLAIN-1018": 0.5193185983095427,
    "PLAIN-1028": 0.0,
    "PLAIN-1039": 1.0,
    "PLAIN-1050": 0.0,
    "PLAIN-1066": 0.0,
    "PLAIN-1088": 0.3156484524795145,
    "PLAIN-1098": 0.0,
    "PLAIN-1109": 0.6185197008414421,
    "PLAIN-1119": 0.0,
    "PLAIN-1130": 1.0,
    "PLAIN-1141": 0.22009176629808017,
    "PLAIN-1151": 0.32776097292662437,
    "PLAIN-1161": 0.0,
    "PLAIN-1172": 0.22009176629808017,
    "PLAIN-1183": 0.0,
    "PLAIN-1193": 0.37850091886658266,
    "PLAIN-1203": 0.5231737964779628,
    "PLAIN-1214": 0.0,
    "PLAIN-1225": 0.3636237070689246,
    "PLAIN-1236": 0.0,
    "PLAIN-1249": 0.0,
    "PLAIN-1262": 0.0,
    "PLAIN-1275": 0.5423640154200349,
    "PLAIN-1288": 0.42021722679557794,
    "PLAIN-1299": 0.13886244387355454,
    "PLAIN-1309": 0.0,
    "PLAIN-1320": 0.0,
    "PLAIN-1331": 0.0,
    "PLAIN-1342": 0.38363315291837646,
    "PLAIN-1353": 0.0,
    "PLAIN-1363": 0.08514311764162098,
    "PLAIN-1374": 0.0,
    "PLAIN-1387": 0.3636237070689246,
    "PLAIN-1398": 0.8318477135310893,
    "PLAIN-1409": 0.2934367834519528,
    "PLAIN-1419": 0.5473983622993502,
    "PLAIN-1429": 0.0,
    "PLAIN-1441": 0.1478294909154526,
    "PLAIN-1453": 0.3187939258847263,
    "PLAIN-1463": 0.31833954895937183,
    "PLAIN-1473": 1.0,
    "PLAIN-1485": 0.0,
    "PLAIN-1496": 0.0,
    "PLAIN-1506": 0.0,
    "PLAIN-1516": 0.0,
    "PLAIN-1527": 0.6082965289412681,
    "PLAIN-1537": 0.22009176629808017,
    "PLAIN-1547": 0.0,
    "PLAIN-1557": 0.22400556151517553,
    "PLAIN-1568": 0.6131471927654584,
    "PLAIN-1579": 0.0,
    "PLAIN-1590": 0.07336392209936005,
    "PLAIN-1601": 0.467122359745432,
    "PLAIN-1611": 0.0,
    "PLAIN-1621": 0.0,
    "PLAIN-1635": 0.9216017310213247,
    "PLAIN-1645": 0.0,
    "PLAIN-1656": 0.3714891073940902,
    "PLAIN-1667": 0.9363792118010483,
    "PLAIN-1679": 0.0,
    "PLAIN-1690": 0.0,
    "PLAIN-1700": 0.0,
    "PLAIN-1710": 1.0,
    "PLAIN-1721": 0.5473983622993502,
    "PLAIN-1731": 0.46927872602275644,
    "PLAIN-1741": 0.9305687780632227,
    "PLAIN-1752": 0.0,
    "PLAIN-1762": 0.2529427027676571,
    "PLAIN-1772": 1.0,
    "PLAIN-1784": 0.0,
    "PLAIN-1794": 1.0,
    "PLAIN-1805": 1.0,
    "PLAIN-1817": 0.3589542101716347,
    "PLAIN-1827": 0.0,
    "PLAIN-1837": 1.0,
    "PLAIN-1847": 0.22009176629808017,
    "PLAIN-1857": 0.5637884576902256,
    "PLAIN-1867": 0.27487633291429087,
    "PLAIN-1877": 0.0,
    "PLAIN-1887": 0.0,
    "PLAIN-1897": 0.0,
    "PLAIN-1909": 0.7975167679274937,
    "PLAIN-1919": 0.8572048559638628,
    "PLAIN-1929": 0.22009176629808017,
    "PLAIN-1940": 0.3589542101716347,
    "PLAIN-1950": 0.2489083270225946,
    "PLAIN-1962": 0.0,
    "PLAIN-1972": 0.0,
    "PLAIN-1983": 0.866947989864271,
    "PLAIN-1995": 0.1584091525685025,
    "PLAIN-2009": 0.10893649261775588,
    "PLAIN-2019": 0.0,
    "PLAIN-2030": 0.0,
    "PLAIN-2040": 0.6489315753318465,
    "PLAIN-2051": 0.6405914129030109,
    "PLAIN-2061": 0.8603818544462509,
    "PLAIN-2071": 0.5708588662113935,
    "PLAIN-2081": 1.0,
    "PLAIN-2092": 0.6489315753318465,
    "PLAIN-2102": 0.7951657524814092,
    "PLAIN-2113": 0.0,
    "PLAIN-2124": 0.3570764765963919,
    "PLAIN-2134": 0.0,
    "PLAIN-2145": 0.23504554941448536,
    "PLAIN-2156": 0.644824486427155,
    "PLAIN-2167": 0.0,
    "PLAIN-2177": 0.28997736516021183,
    "PLAIN-2187": 0.0,
    "PLAIN-2197": 0.7859162856301584,
    "PLAIN-2209": 0.0,
    "PLAIN-2220": 0.23504554941448536,
    "PLAIN-2230": 0.0,
    "PLAIN-2240": 0.22009176629808017,
    "PLAIN-2250": 0.0,
    "PLAIN-2261": 0.6086182388744239,
    "PLAIN-2271": 0.0,
    "PLAIN-2281": 0.0,
    "PLAIN-2291": 0.3391602052736161,
    "PLAIN-2301": 0.0,
    "PLAIN-2311": 0.0,
    "PLAIN-2321": 0.0,
    "PLAIN-2332": 0.35970991185182927,
    "PLAIN-2343": 0.0,
    "PLAIN-2354": 0.5531464700081437,
    "PLAIN-2364": 0.0,
    "PLAIN-2375": 0.0,
    "PLAIN-2386": 0.07839826897867533,
    "PLAIN-2396": 0.0,
    "PLAIN-2408": 0.0,
    "PLAIN-2430": 0.40945098216664155,
    "PLAIN-2440": 0.0,
    "PLAIN-2450": 0.1799314820111718,
    "PLAIN-2460": 0.02883297181350977,
    "PLAIN-2470": 0.5484540867454611,
    "PLAIN-2480": 0.3930979308726344,
    "PLAIN-2490": 0.030215560015714335,
    "PLAIN-2500": 0.21739574216798105,
    "PLAIN-2510": 0.7569021067152308,
    "PLAIN-2520": 0.22678512224717798,
    "PLAIN-2530": 0.9008240627729516,
    "PLAIN-2540": 0.13295943509214075,
    "PLAIN-2550": 0.0,
    "PLAIN-2560": 0.866947989864271,
    "PLAIN-2570": 0.024456482318107445,
    "PLAIN-2580": 0.17034964791167806,
    "PLAIN-2590": 0.17078503915609608,
    "PLAIN-2600": 0.5061450999633262,
    "PLAIN-2610": 0.31488013066763093,
    "PLAIN-2620": 0.35895421017163465,
    "PLAIN-2630": 0.4495923615080624,
    "PLAIN-2640": 0.533121032068343,