{
  "model": "bge-m3-f16.gguf",
  "dataset": "nfcorpus",
  "method": "cosine",
  "n_test_queries": 323,
  "ndcg_at_10": 0.289466786930487,
  "ndcg_per_query": {
    "PLAIN-2": 0.6637622952800909,
    "PLAIN-12": 0.08460552821190487,
    "PLAIN-23": 0.10030274924863171,
    "PLAIN-33": 0.4938801567138975,
    "PLAIN-44": 0.25937570933770104,
    "PLAIN-56": 0.5526204754854915,
    "PLAIN-68": 0.6006939579800177,
    "PLAIN-78": 0.11558121714884773,
    "PLAIN-91": 0.4331387733816153,
    "PLAIN-102": 0.08083227384484634,
    "PLAIN-112": 0.5947172924727651,
    "PLAIN-123": 0.05657095544334432,
    "PLAIN-133": 0.0,
    "PLAIN-143": 0.5022145073334887,
    "PLAIN-153": 0.8440036488836253,
    "PLAIN-165": 0.4727832539716711,
    "PLAIN-175": 0.13283423072933648,
    "PLAIN-186": 0.22009176629808017,
    "PLAIN-196": 0.0,
    "PLAIN-207": 0.545155778742082,
    "PLAIN-217": 0.0,
    "PLAIN-227": 0.0,
    "PLAIN-238": 0.0,
    "PLAIN-248": 0.30523488393970116,
    "PLAIN-259": 0.22009176629808017,
    "PLAIN-270": 0.2051166673279436,
    "PLAIN-280": 0.17947710508581735,
    "PLAIN-291": 0.08514311764162098,
    "PLAIN-307": 1.0,
    "PLAIN-320": 0.0,
    "PLAIN-332": 0.6131471927654584,
    "PLAIN-344": 0.24090731502399818,
    "PLAIN-358": 0.0,
    "PLAIN-371": 0.27541155237618664,
    "PLAIN-383": 0.14606834984270645,
    "PLAIN-395": 0.0,
    "PLAIN-407": 0.7262287617954056,
    "PLAIN-418": 0.8344475896326595,
    "PLAIN-430": 0.1311654284411629,
    "PLAIN-441": 0.6469527254158582,
    "PLAIN-457": 0.0,
    "PLAIN-468": 0.5000487564324042,
    "PLAIN-478": 0.0,
    "PLAIN-488": 0.800693766409882,
    "PLAIN-499": 0.06625422345438903,
    "PLAIN-510": 0.09109240322345806,
    "PLAIN-520": 0.0,
    "PLAIN-531": 0.38196033715832356,
    "PLAIN-541": 0.15130120674940672,
    "PLAIN-551": 0.3065735963827292,
    "PLAIN-561": 0.3589542101716347,
    "PLAIN-571": 0.4483039899025303,
    "PLAIN-583": 0.0,
    "PLAIN-593": 0.20210734650054757,
    "PLAIN-603": 0.0,
    "PLAIN-613": 0.22009176629808017,
    "PLAIN-623": 0.13886244387355454,
    "PLAIN-634": 0.424926013816671,
    "PLAIN-645": 0.0,
    "PLAIN-660": 0.8553475075669357,
    "PLAIN-671": 1.0,
    "PLAIN-681": 1.0,
    "PLAIN-691": 0.0,
    "PLAIN-701": 0.12647135138382856,
    "PLAIN-711": 0.31488013066763093,
    "PLAIN-721": 1.0,
    "PLAIN-731": 0.615406227586239,
    "PLAIN-741": 0.6177639991612475,
    "PLAIN-751": 0.0,
    "PLAIN-761": 0.19092086617893467,
    "PLAIN-771": 1.0,
    "PLAIN-782": 0.0,
    "PLAIN-792": 0.30260241349881345,
    "PLAIN-806": 0.8643145546088337,
    "PLAIN-817": 0.0,
    "PLAIN-827": 0.6399441431116327,
    "PLAIN-838": 0.6930221935231562,
    "PLAIN-850": 0.5473983622993502,
    "PLAIN-872": 0.0,
    "PLAIN-882": 0.7909506325094737,
    "PLAIN-892": 0.494639655562801,
    "PLAIN-902": 0.3903800499921017,
    "PLAIN-913": 0.84860265890399,
    "PLAIN-924": 0.06362078819895171,
    "PLAIN-934": 0.5541432109622958,
    "PLAIN-946": 0.0,
    "PLAIN-956": 0.5900490851534655,
    "PLAIN-966": 0.0,
    "PLAIN-977": 0.46927872602275644,
    "PLAIN-987": 0.0,
    "PLAIN-997": 0.0,
    "PLAIN-1008": 0.0,
    "PLAIN-1018": 0.42049964660493067,
    "PLAIN-1028": 0.0,
    "PLAIN-1039": 1.0,
    "PLAIN-1050": 0.0,
    "PLAIN-1066": 0.0,
    "PLAIN-1088": 0.5531464700081437,
    "PLAIN-1098": 0.0,
    "PLAIN-1109": 0.6530488081313035,
    "PLAIN-1119": 0.0,
    "PLAIN-1130": 1.0,
    "PLAIN-1141": 0.28952298823485745,
    "PLAIN-1151": 0.457957694513121,
    "PLAIN-1161": 0.0,
    "PLAIN-1172": 0.22009176629808017,
    "PLAIN-1183": 0.33013764944712026,
    "PLAIN-1193": 0.08514311764162098,
    "PLAIN-1203": 0.33013764944712026,
    "PLAIN-1214": 0.0,
    "PLAIN-1225": 0.38363315291837646,
    "PLAIN-1236": 0.0,
    "PLAIN-1249": 0.0,
    "PLAIN-1262": 0.0,
    "PLAIN-1275": 0.5352543167750639,
    "PLAIN-1288": 0.32776097292662437,
    "PLAIN-1299": 0.0,
    "PLAIN-1309": 0.0,
    "PLAIN-1320": 0.0,
    "PLAIN-1331": 0.0,
    "PLAIN-1342": 0.4662774717636409,
    "PLAIN-1353": 0.0,
    "PLAIN-1363": 0.07336392209936005,
    "PLAIN-1374": 0.0,
    "PLAIN-1387": 0.5423640154200349,
    "PLAIN-1398": 1.0,
    "PLAIN-1409": 0.34948673995165525,
    "PLAIN-1419": 0.22009176629808017,
    "PLAIN-1429": 0.0,
    "PLAIN-1441": 0.5925846332364244,
    "PLAIN-1453": 0.2934163982736371,
    "PLAIN-1463": 0.23365080824310533,
    "PLAIN-1473": 1.0,
    "PLAIN-1485": 0.0,
    "PLAIN-1496": 0.0,
    "PLAIN-1506": 0.0,
    "PLAIN-1516": 0.0,
    "PLAIN-1527": 0.9363792118010483,
    "PLAIN-1537": 0.22400556151517553,
    "PLAIN-1547": 0.0,
    "PLAIN-1557": 0.17630010660342912,
    "PLAIN-1568": 0.6131471927654584,
    "PLAIN-1579": 0.0,
    "PLAIN-1590": 0.11004588314904008,
    "PLAIN-1601": 0.684383072597662,
    "PLAIN-1611": 0.0,
    "PLAIN-1621": 0.0,
    "PLAIN-1635": 0.8200685179888283,
    "PLAIN-1645": 0.0,
    "PLAIN-1656": 0.06943122193677727,
    "PLAIN-1667": 0.6461194268314837,
    "PLAIN-1679": 0.0,
    "PLAIN-1690": 0.0,
    "PLAIN-1700": 0.0,
    "PLAIN-1710": 0.9363792118010483,
    "PLAIN-1721": 0.43231813227099475,
    "PLAIN-1731": 0.46927872602275644,
    "PLAIN-1741": 0.6185197008414421,
    "PLAIN-1752": 0.0,
    "PLAIN-1762": 0.2529427027676571,
    "PLAIN-1772": 1.0,
    "PLAIN-1784": 0.0,
    "PLAIN-1794": 1.0,
    "PLAIN-1805": 0.933745776545611,
    "PLAIN-1817": 0.36211082347570717,
    "PLAIN-1827": 0.0,
    "PLAIN-1837": 0.933745776545611,
    "PLAIN-1847": 0.13886244387355454,
    "PLAIN-1857": 0.5637884576902256,
    "PLAIN-1867": 0.0,
    "PLAIN-1877": 0.0,
    "PLAIN-1887": 0.0,
    "PLAIN-1897": 0.0,
    "PLAIN-1909": 0.6461194268314837,
    "PLAIN-1919": 0.800693766409882,
    "PLAIN-1929": 0.31488013066763093,
    "PLAIN-1940": 0.3589542101716347,
    "PLAIN-1950": 0.2489083270225946,
    "PLAIN-1962": 0.0,
    "PLAIN-1972": 0.0,
    "PLAIN-1983": 0.8701249883466593,
    "PLAIN-1995": 0.0,
    "PLAIN-2009": 0.10893649261775588,
    "PLAIN-2019": 0.0,
    "PLAIN-2030": 0.0,
    "PLAIN-2040": 0.793584067764911,
    "PLAIN-2051": 0.5360735436824436,
    "PLAIN-2061": 0.6528642754944294,
    "PLAIN-2071": 0.5572998242663684,
    "PLAIN-2081": 1.0,
    "PLAIN-2092": 0.6489315753318465,
    "PLAIN-2102": 0.6975961695061491,
    "PLAIN-2113": 0.0,
    "PLAIN-2124": 0.7093753650484099,
    "PLAIN-2134": 0.0,
    "PLAIN-2145": 0.0,
    "PLAIN-2156": 0.644824486427155,
    "PLAIN-2167": 0.0,
    "PLAIN-2177": 0.5637884576902256,
    "PLAIN-2187": 0.0,
    "PLAIN-2197": 0.7312625444731047,
    "PLAIN-2209": 0.0,
    "PLAIN-2220": 0.23504554941448536,
    "PLAIN-2230": 0.0,
    "PLAIN-2240": 0.0,
    "PLAIN-2250": 0.0,
    "PLAIN-2261": 0.4690000933206748,
    "PLAIN-2271": 0.0,
    "PLAIN-2281": 0.0,
    "PLAIN-2291": 0.0,
    "PLAIN-2301": 0.0,
    "PLAIN-2311": 0.0,
    "PLAIN-2321": 0.0,
    "PLAIN-2332": 0.2984900352767555,
    "PLAIN-2343": 0.0,
    "PLAIN-2354": 0.5531464700081437,
    "PLAIN-2364": 0.0,
    "PLAIN-2375": 0.0,
    "PLAIN-2386": 0.0,
    "PLAIN-2396": 0.0,
    "PLAIN-2408": 0.0,
    "PLAIN-2430": 0.4091060856870056,
    "PLAIN-2440": 0.0,
    "PLAIN-2450": 0.23297260855707358,
    "PLAIN-2460": 0.24602529363850967,
    "PLAIN-2470": 0.5207386490899921,
    "PLAIN-2480": 0.3406533733618109,
    "PLAIN-2490": 0.0,
    "PLAIN-2500": 0.13088527864439062,
    "PLAIN-2510": 0.663368966087377,
    "PLAIN-2520": 0.12168993952978892,
    "PLAIN-2530": 0.8546557236450505,
    "PLAIN-2540": 0.3201583603198463,
    "PLAIN-2550": 0.1343260778668832,
    "PLAIN-2560": 0.933745776545611,
    "PLAIN-2570": 0.1851069802049725,
    "PLAIN-2580": 0.14673120006323176,
    "PLAIN-2590": 0.21893704650371035,
    "PLAIN-2600": 0.5061450999633262,
    "PLAIN-2610": 0.2240055615151755,
    "PLAIN-2620": 0.07336392209936005,
    "PLAIN-2630": 0.5704044892860389,
    "PLAIN-2640": 0.3559146275466317,
    "PLAIN-2650": 0.5388856921828065,
    "PLAIN-2660": 0.4888292218249754,
    "PLAIN-2670": 0.3406992958233561,
    "PLAIN-2680": 0.10405896756643919,