{
  "model": "colbert-ir/colbertv2.0",
  "dataset": "nfcorpus",
  "n_test_queries": 323,
  "ndcg_at_10": 0.314663530004921,
  "ndcg_per_query": {
    "PLAIN-2": 0.5959091636903968,
    "PLAIN-12": 0.08460552821190487,
    "PLAIN-23": 0.227162174819248,
    "PLAIN-33": 0.4562690904150173,
    "PLAIN-44": 0.13449426451150215,
    "PLAIN-56": 0.6249269297112284,
    "PLAIN-68": 0.6312970571729055,
    "PLAIN-78": 0.17241800928419682,
    "PLAIN-91": 0.3158076721403568,
    "PLAIN-102": 0.2829129584569622,
    "PLAIN-112": 0.6941633311339347,
    "PLAIN-123": 0.038615684613617494,
    "PLAIN-133": 0.11115951480882885,
    "PLAIN-143": 0.6316991638553519,
    "PLAIN-153": 0.8948763559161851,
    "PLAIN-165": 0.45419222251232927,
    "PLAIN-175": 0.3249649487838763,
    "PLAIN-186": 0.22009176629808017,
    "PLAIN-196": 0.21726071285222986,
    "PLAIN-207": 0.7191184989488184,
    "PLAIN-217": 0.0,
    "PLAIN-227": 0.08514311764162098,
    "PLAIN-238": 0.13886244387355454,
    "PLAIN-248": 0.2735872697693364,
    "PLAIN-259": 0.3589542101716347,
    "PLAIN-270": 0.2934556883974402,
    "PLAIN-280": 0.23365080824310533,
    "PLAIN-291": 0.3589542101716347,
    "PLAIN-307": 0.6105456988825856,
    "PLAIN-320": 0.0,
    "PLAIN-332": 0.6131471927654584,
    "PLAIN-344": 0.09578105912639352,
    "PLAIN-358": 0.0,
    "PLAIN-371": 0.27541155237618664,
    "PLAIN-383": 0.16958010263680806,
    "PLAIN-395": 0.0,
    "PLAIN-407": 0.7262287617954056,
    "PLAIN-418": 0.2781491965442198,
    "PLAIN-430": 0.43246885386219436,
    "PLAIN-441": 0.5367411133087586,
    "PLAIN-457": 0.0,
    "PLAIN-468": 0.16552983252263884,
    "PLAIN-478": 0.0,
    "PLAIN-488": 0.9363792118010483,
    "PLAIN-499": 0.3562315886146009,
    "PLAIN-510": 0.19092086617893467,
    "PLAIN-520": 0.0,
    "PLAIN-531": 0.3063365306564336,
    "PLAIN-541": 0.15130120674940672,
    "PLAIN-551": 0.0,
    "PLAIN-561": 0.42257499837058643,
    "PLAIN-571": 0.2558209594125084,
    "PLAIN-583": 0.2984900352767555,
    "PLAIN-593": 0.46927872602275644,
    "PLAIN-603": 0.0,
    "PLAIN-613": 0.11004588314904008,
    "PLAIN-623": 0.2489083270225946,
    "PLAIN-634": 0.3436966913921454,
    "PLAIN-645": 0.0,
    "PLAIN-660": 1.0,
    "PLAIN-671": 1.0,
    "PLAIN-681": 1.0,
    "PLAIN-691": 0.0,
    "PLAIN-701": 0.6193198671454698,
    "PLAIN-711": 0.2863459897524692,
    "PLAIN-721": 1.0,
    "PLAIN-731": 0.5551469705065496,
    "PLAIN-741": 0.7720617383222417,
    "PLAIN-751": 0.0,
    "PLAIN-761": 0.15130120674940672,
    "PLAIN-771": 1.0,
    "PLAIN-782": 0.0,
    "PLAIN-792": 0.4935232796777481,
    "PLAIN-806": 0.9363792118010483,
    "PLAIN-817": 0.0,
    "PLAIN-827": 0.6830838076905166,
    "PLAIN-838": 0.7767471075223497,
    "PLAIN-850": 0.5637884576902256,
    "PLAIN-872": 0.0,
    "PLAIN-882": 0.22009176629808017,
    "PLAIN-892": 0.6332196796270029,
    "PLAIN-902": 0.5855700749881525,
    "PLAIN-913": 0.800693766409882,
    "PLAIN-924": 0.22009176629808017,
    "PLAIN-934": 0.5040610795300535,
    "PLAIN-946": 0.0,
    "PLAIN-956": 0.7479350596733328,
    "PLAIN-966": 0.0,
    "PLAIN-977": 0.20210734650054757,
    "PLAIN-987": 0.0,
    "PLAIN-997": 0.0,
    "PLAIN-1008": 0.0,
    "PLAIN-1018": 0.24309789328476902,
    "PLAIN-1028": 0.38685280723454163,
    "PLAIN-1039": 1.0,
    "PLAIN-1050": 0.0,
    "PLAIN-1066": 0.0,
    "PLAIN-1088": 0.5531464700081437,
    "PLAIN-1098": 0.0,
    "PLAIN-1109": 0.6083169141195838,
    "PLAIN-1119": 0.0,
    "PLAIN-1130": 1.0,
    "PLAIN-1141": 0.22009176629808017,
    "PLAIN-1151": 0.5711601909662336,
    "PLAIN-1161": 0.0,
    "PLAIN-1172": 0.22009176629808017,
    "PLAIN-1183": 0.20483424751859086,
    "PLAIN-1193": 0.08514311764162098,
    "PLAIN-1203": 0.3589542101716347,
    "PLAIN-1214": 0.0,
    "PLAIN-1225": 0.6180396628416763,
    "PLAIN-1236": 0.21398626473452756,
    "PLAIN-1249": 0.0,
    "PLAIN-1262": 0.424926013816671,
    "PLAIN-1275": 0.6203974344166848,
    "PLAIN-1288": 0.2583297509898471,
    "PLAIN-1299": 0.2863459897524692,
    "PLAIN-1309": 0.0,
    "PLAIN-1320": 0.4430895440946125,
    "PLAIN-1331": 0.0,
    "PLAIN-1342": 0.5103515512676448,
    "PLAIN-1353": 0.0,
    "PLAIN-1363": 0.22009176629808017,
    "PLAIN-1374": 0.2051166673279436,
    "PLAIN-1387": 0.5919268187287083,
    "PLAIN-1398": 0.9266360779006401,
    "PLAIN-1409": 0.21726071285222986,
    "PLAIN-1419": 0.4412851793128928,
    "PLAIN-1429": 0.0,
    "PLAIN-1441": 0.49246059723271807,
    "PLAIN-1453": 0.2934556883974402,
    "PLAIN-1463": 0.2934367834519528,
    "PLAIN-1473": 1.0,
    "PLAIN-1485": 0.0,
    "PLAIN-1496": 0.0,
    "PLAIN-1506": 0.22009176629808017,
    "PLAIN-1516": 0.0,
    "PLAIN-1527": 0.804810999209339,
    "PLAIN-1537": 0.6311443278613471,
    "PLAIN-1547": 0.0,
    "PLAIN-1557": 0.20483424751859086,
    "PLAIN-1568": 1.0,
    "PLAIN-1579": 0.16958010263680806,
    "PLAIN-1590": 0.13886244387355454,
    "PLAIN-1601": 0.7058075148678526,
    "PLAIN-1611": 0.0,
    "PLAIN-1621": 0.0,
    "PLAIN-1635": 0.9363792118010483,
    "PLAIN-1645": 0.30260241349881345,
    "PLAIN-1656": 0.06625422345438903,
    "PLAIN-1667": 0.5252098581198152,
    "PLAIN-1679": 0.0,
    "PLAIN-1690": 0.0,
    "PLAIN-1700": 0.0,
    "PLAIN-1710": 1.0,
    "PLAIN-1721": 0.6528642754944294,
    "PLAIN-1731": 0.7653606369886217,
    "PLAIN-1741": 1.0,
    "PLAIN-1752": 0.0,
    "PLAIN-1762": 0.37941405415148566,
    "PLAIN-1772": 1.0,
    "PLAIN-1784": 0.0,
    "PLAIN-1794": 1.0,
    "PLAIN-1805": 0.762416491594312,
    "PLAIN-1817": 0.2934556883974402,
    "PLAIN-1827": 0.0,
    "PLAIN-1837": 0.9305687780632227,
    "PLAIN-1847": 0.22009176629808017,
    "PLAIN-1857": 0.5766882048947064,
    "PLAIN-1867": 0.18065894665528784,
    "PLAIN-1877": 0.0,
    "PLAIN-1887": 0.0,
    "PLAIN-1897": 0.0,
    "PLAIN-1909": 0.804810999209339,
    "PLAIN-1919": 0.8630152897016883,
    "PLAIN-1929": 0.06943122193677727,
    "PLAIN-1940": 0.3589542101716347,
    "PLAIN-1950": 0.2489083270225946,
    "PLAIN-1962": 0.0,
    "PLAIN-1972": 0.0,
    "PLAIN-1983": 1.0,
    "PLAIN-1995": 0.0,
    "PLAIN-2009": 0.10893649261775588,
    "PLAIN-2019": 0.0,
    "PLAIN-2030": 0.30260241349881345,
    "PLAIN-2040": 0.7605591431973849,
    "PLAIN-2051": 0.5964984284535195,
    "PLAIN-2061": 0.9305687780632227,
    "PLAIN-2071": 0.43735247915031,
    "PLAIN-2081": 1.0,
    "PLAIN-2092": 0.6489315753318465,
    "PLAIN-2102": 0.9052116356304493,
    "PLAIN-2113": 0.0,
    "PLAIN-2124": 0.6651928536555899,
    "PLAIN-2134": 0.0,
    "PLAIN-2145": 0.1482972305701491,
    "PLAIN-2156": 0.644824486427155,
    "PLAIN-2167": 0.0,
    "PLAIN-2177": 0.35970991185182927,
    "PLAIN-2187": 0.38334277998463445,
    "PLAIN-2197": 0.933745776545611,
    "PLAIN-2209": 0.0,
    "PLAIN-2220": 0.38334277998463445,
    "PLAIN-2230": 0.0,
    "PLAIN-2240": 0.3589542101716347,
    "PLAIN-2250": 0.0,
    "PLAIN-2261": 0.642186726668901,
    "PLAIN-2271": 0.0,
    "PLAIN-2281": 0.0,
    "PLAIN-2291": 0.44615333764087994,
    "PLAIN-2301": 0.0,
    "PLAIN-2311": 0.0,
    "PLAIN-2321": 0.0,
    "PLAIN-2332": 0.36885567213865283,
    "PLAIN-2343": 0.0,
    "PLAIN-2354": 0.5087403079104241,
    "PLAIN-2364": 0.0,
    "PLAIN-2375": 0.0,
    "PLAIN-2386": 0.11004588314904008,
    "PLAIN-2396": 0.0,
    "PLAIN-2408": 0.0,
    "PLAIN-2430": 0.35895421017163465,
    "PLAIN-2440": 0.0,
    "PLAIN-2450": 0.36602461869280256,
    "PLAIN-2460": 0.0,
    "PLAIN-2470": 0.40429420444503333,
    "PLAIN-2480": 0.11477637860581888,
    "PLAIN-2490": 0.0,
    "PLAIN-2500": 0.0,
    "PLAIN-2510": 0.7133080652109928,
    "PLAIN-2520": 0.066435411196706,
    "PLAIN-2530": 0.9095430364058891,
    "PLAIN-2540": 0.14936724952139185,
    "PLAIN-2550": 0.1158470538408525,
    "PLAIN-2560": 0.8701249883466592,
    "PLAIN-2570": 0.10931285305285364,
    "PLAIN-2580": 0.41235173674195585,
    "PLAIN-2590": 0.0,
    "PLAIN-2600": 0.5374203179684329,
    "PLAIN-2610": 0.35895421017163465,
    "PLAIN-2620": 0.10959775834140766,