{
  "model": "intfloat/e5-mistral-7b-instruct",
  "dataset": "nfcorpus",
  "method": "fp16 inference + sdpa, same-hardware control (rocm7.2.0 + batch_q=1)",
  "n_test_queries": 323,
  "ndcg_at_10": 0.13916684517074482,
  "ndcg_per_query": {
    "PLAIN-2": 0.4620655473807757,
    "PLAIN-12": 0.09041129165445315,
    "PLAIN-23": 0.0,
    "PLAIN-33": 0.0,
    "PLAIN-44": 0.12173402142878859,
    "PLAIN-56": 0.0,
    "PLAIN-68": 0.15282202671858752,
    "PLAIN-78": 0.0,
    "PLAIN-91": 0.08031813453883015,
    "PLAIN-102": 0.0,
    "PLAIN-112": 0.29925080184698905,
    "PLAIN-123": 0.0,
    "PLAIN-133": 0.11115951480882885,
    "PLAIN-143": 0.24249682153453903,
    "PLAIN-153": 0.45846608015576257,
    "PLAIN-165": 0.5109789246171884,
    "PLAIN-175": 0.09578105912639352,
    "PLAIN-186": 0.0,
    "PLAIN-196": 0.08514311764162098,
    "PLAIN-207": 0.31833954895937183,
    "PLAIN-217": 0.20483424751859086,
    "PLAIN-227": 0.22009176629808017,
    "PLAIN-238": 0.06943122193677727,
    "PLAIN-248": 0.20248323207250624,
    "PLAIN-259": 0.08514311764162098,
    "PLAIN-270": 0.30523488393970116,
    "PLAIN-280": 0.0,
    "PLAIN-291": 0.6300426811446146,
    "PLAIN-307": 0.6713860725233042,
    "PLAIN-320": 0.07839826897867533,
    "PLAIN-332": 0.23719771276929622,
    "PLAIN-344": 0.04789052956319676,
    "PLAIN-358": 0.0,
    "PLAIN-371": 0.0,
    "PLAIN-383": 0.0,
    "PLAIN-395": 0.0,
    "PLAIN-407": 0.7262287617954056,
    "PLAIN-418": 0.7417311907845863,
    "PLAIN-430": 0.0,
    "PLAIN-441": 0.48306700197788277,
    "PLAIN-457": 0.0,
    "PLAIN-468": 0.0551766108408796,
    "PLAIN-478": 0.0,
    "PLAIN-488": 0.5637884576902256,
    "PLAIN-499": 0.0,
    "PLAIN-510": 0.0,
    "PLAIN-520": 0.0,
    "PLAIN-531": 0.6141069626790936,
    "PLAIN-541": 0.0,
    "PLAIN-551": 0.0,
    "PLAIN-561": 0.3589542101716347,
    "PLAIN-571": 0.13743816645714543,
    "PLAIN-583": 0.31488013066763093,
    "PLAIN-593": 0.0,
    "PLAIN-603": 0.0,
    "PLAIN-613": 0.0,
    "PLAIN-623": 0.08514311764162098,
    "PLAIN-634": 0.0,
    "PLAIN-645": 0.0,
    "PLAIN-660": 0.5271064966405455,
    "PLAIN-671": 0.0,
    "PLAIN-681": 0.0,
    "PLAIN-691": 0.0,
    "PLAIN-701": 0.0,
    "PLAIN-711": 0.0,
    "PLAIN-721": 0.7162874455029682,
    "PLAIN-731": 0.0,
    "PLAIN-741": 0.49828993591603105,
    "PLAIN-751": 0.0,
    "PLAIN-761": 0.0874717141014082,
    "PLAIN-771": 0.34870224750355494,
    "PLAIN-782": 0.0,
    "PLAIN-792": 0.0,
    "PLAIN-806": 0.6627919420317119,
    "PLAIN-817": 0.0,
    "PLAIN-827": 0.23944085680261515,
    "PLAIN-838": 0.41462267409828063,
    "PLAIN-850": 0.0,
    "PLAIN-872": 0.0,
    "PLAIN-882": 0.5271064966405455,
    "PLAIN-892": 0.2934556883974402,
    "PLAIN-902": 0.3903800499921017,
    "PLAIN-913": 0.3589542101716347,
    "PLAIN-924": 0.0,
    "PLAIN-934": 0.07839826897867533,
    "PLAIN-946": 0.0,
    "PLAIN-956": 0.15176219107803537,
    "PLAIN-966": 0.0,
    "PLAIN-977": 0.16716045496620227,
    "PLAIN-987": 0.0,
    "PLAIN-997": 0.0,
    "PLAIN-1008": 0.0,
    "PLAIN-1018": 0.0,
    "PLAIN-1028": 0.0,
    "PLAIN-1039": 0.0,
    "PLAIN-1050": 0.5072380780124418,
    "PLAIN-1066": 0.0,
    "PLAIN-1088": 0.6992148198508501,
    "PLAIN-1098": 0.21398626473452756,
    "PLAIN-1109": 0.48153499054313026,
    "PLAIN-1119": 0.0,
    "PLAIN-1130": 1.0,
    "PLAIN-1141": 0.0,
    "PLAIN-1151": 0.20641593223508903,
    "PLAIN-1161": 0.0,
    "PLAIN-1172": 0.11004588314904008,
    "PLAIN-1183": 0.0,
    "PLAIN-1193": 0.0,
    "PLAIN-1203": 0.0,
    "PLAIN-1214": 0.0,
    "PLAIN-1225": 0.49828993591603105,
    "PLAIN-1236": 0.0,
    "PLAIN-1249": 0.0,
    "PLAIN-1262": 0.0,
    "PLAIN-1275": 0.19518900079066107,
    "PLAIN-1288": 0.17993148201117176,
    "PLAIN-1299": 0.22119341301481266,
    "PLAIN-1309": 0.0,
    "PLAIN-1320": 0.09546043308946733,
    "PLAIN-1331": 0.0,
    "PLAIN-1342": 0.09478836436955078,
    "PLAIN-1353": 0.0,
    "PLAIN-1363": 0.0,
    "PLAIN-1374": 0.07336392209936005,
    "PLAIN-1387": 0.30701473034246535,
    "PLAIN-1398": 0.6555476069276601,
    "PLAIN-1409": 0.31488013066763093,
    "PLAIN-1419": 0.22009176629808017,
    "PLAIN-1429": 0.0,
    "PLAIN-1441": 0.22476126319537007,
    "PLAIN-1453": 0.5271064966405455,
    "PLAIN-1463": 0.13698471029831175,
    "PLAIN-1473": 0.3333333333333333,
    "PLAIN-1485": 0.0,
    "PLAIN-1496": 0.0,
    "PLAIN-1506": 0.0,
    "PLAIN-1516": 0.0,
    "PLAIN-1527": 0.5423640154200349,
    "PLAIN-1537": 0.0,
    "PLAIN-1547": 0.0,
    "PLAIN-1557": 0.0,
    "PLAIN-1568": 0.0,
    "PLAIN-1579": 0.0,
    "PLAIN-1590": 0.2781981696179509,
    "PLAIN-1601": 0.0,
    "PLAIN-1611": 0.0,
    "PLAIN-1621": 0.0,
    "PLAIN-1635": 0.1884441521277154,
    "PLAIN-1645": 0.0,
    "PLAIN-1656": 0.08514311764162098,
    "PLAIN-1667": 0.20641593223508903,
    "PLAIN-1679": 0.43067655807339306,
    "PLAIN-1690": 0.0,
    "PLAIN-1700": 0.0,
    "PLAIN-1710": 0.933745776545611,
    "PLAIN-1721": 0.0,
    "PLAIN-1731": 0.0,
    "PLAIN-1741": 0.0,
    "PLAIN-1752": 0.0,
    "PLAIN-1762": 0.07311683844390994,
    "PLAIN-1772": 0.0,
    "PLAIN-1784": 0.0,
    "PLAIN-1794": 0.20438239758848611,
    "PLAIN-1805": 0.33788625765431984,
    "PLAIN-1817": 0.0,
    "PLAIN-1827": 0.0,
    "PLAIN-1837": 0.23758350840568812,
    "PLAIN-1847": 0.0,
    "PLAIN-1857": 0.23365080824310533,
    "PLAIN-1867": 0.0,
    "PLAIN-1877": 0.0,
    "PLAIN-1887": 0.0,
    "PLAIN-1897": 0.0,
    "PLAIN-1909": 0.3340514446642156,
    "PLAIN-1919": 0.43231813227099475,
    "PLAIN-1929": 0.06625422345438903,
    "PLAIN-1940": 0.0,
    "PLAIN-1950": 0.0,
    "PLAIN-1962": 0.0,
    "PLAIN-1972": 0.0,
    "PLAIN-1983": 0.5541432109622958,
    "PLAIN-1995": 0.0,
    "PLAIN-2009": 0.0761433407173835,
    "PLAIN-2019": 0.20210734650054757,
    "PLAIN-2030": 0.0,
    "PLAIN-2040": 0.08514311764162098,
    "PLAIN-2051": 0.07336392209936005,
    "PLAIN-2061": 0.47479014188018454,
    "PLAIN-2071": 0.2835149363066189,
    "PLAIN-2081": 0.0,
    "PLAIN-2092": 0.3589542101716347,
    "PLAIN-2102": 0.424926013816671,
    "PLAIN-2113": 0.0,
    "PLAIN-2124": 0.21726071285222986,
    "PLAIN-2134": 0.0,
    "PLAIN-2145": 0.0,
    "PLAIN-2156": 0.4034698846650846,
    "PLAIN-2167": 0.0,
    "PLAIN-2177": 0.0,
    "PLAIN-2187": 0.10122860821230018,
    "PLAIN-2197": 0.4440973278132557,
    "PLAIN-2209": 0.0,
    "PLAIN-2220": 0.07075576072108061,
    "PLAIN-2230": 0.0,
    "PLAIN-2240": 0.0,
    "PLAIN-2250": 0.0,
    "PLAIN-2261": 0.0,
    "PLAIN-2271": 0.0,
    "PLAIN-2281": 0.0,
    "PLAIN-2291": 0.3391602052736161,
    "PLAIN-2301": 0.13886244387355454,
    "PLAIN-2311": 0.0,
    "PLAIN-2321": 0.0,
    "PLAIN-2332": 0.22009176629808017,
    "PLAIN-2343": 0.0,
    "PLAIN-2354": 0.14606834984270645,
    "PLAIN-2364": 0.0,
    "PLAIN-2375": 0.0,
    "PLAIN-2386": 0.0,
    "PLAIN-2396": 0.0,
    "PLAIN-2408": 0.0,
    "PLAIN-2430": 0.02445464069978668,
    "PLAIN-2440": 0.0,
    "PLAIN-2450": 0.08514311764162098,
    "PLAIN-2460": 0.5644175965998601,
    "PLAIN-2470": 0.1884598431723936,
    "PLAIN-2480": 0.022146236758459774,
    "PLAIN-2490": 0.13283423072933648,
    "PLAIN-2500": 0.0,
    "PLAIN-2510": 0.424926013816671,
    "PLAIN-2520": 0.02120692939965057,
    "PLAIN-2530": 0.5818066322562299,
    "PLAIN-2540": 0.022146236758459774,
    "PLAIN-2550": 0.14176542798203212,
    "PLAIN-2560": 0.40853591842579556,
    "PLAIN-2570": 0.0,
    "PLAIN-2580": 0.09097011848536814,
    "PLAIN-2590": 0.0,
    "PLAIN-2600": 0.0,
    "PLAIN-2610": 0.1388624438735545,
    "PLAIN-2620": 0.2906246349515899,
    "PLAIN-2630": 0.4697557950008693,
    "PLAIN-2640": 0.09335762105734641,
    "PLAIN-2650": 0.28634598975246917,
    "PLAIN-2660": 0.0,
    "PLAIN-2670": 0.3406992958233561,
    "PLAIN-2680": 0.0,
    "PLAIN-2690": 0.3746661058764784,
    "PLAIN-2700": 0.157499924945151,
    "PLAIN-2710": 0.3477742974106093,
    "PLAIN-2720": 0.0,
    "PLAIN-2730": 0.17879801400865322,
    "PLAIN-2740": 0.0,
    "PLAIN-2750": 0.15633078578668505,
    "PLAIN-2760": 0.0,